Departamento,Año,Mes,leve_moderado,grave,moderada,inseguridad_alimentaria
Amazonas,2022,1,18.6,3.4,15.200000000000001,moderado
Amazonas,2022,2,18.6,3.4,15.200000000000001,moderado
Amazonas,2022,3,18.6,3.4,15.200000000000001,moderado
Amazonas,2022,4,18.6,3.4,15.200000000000001,moderado
Amazonas,2022,5,18.6,3.4,15.200000000000001,moderado
Amazonas,2022,6,18.6,3.4,15.200000000000001,moderado
Amazonas,2022,7,18.6,3.4,15.200000000000001,moderado
Amazonas,2022,8,18.6,3.4,15.200000000000001,moderado
Amazonas,2022,9,18.6,3.4,15.200000000000001,moderado
Amazonas,2022,10,18.6,3.4,15.200000000000001,moderado
Amazonas,2022,11,18.6,3.4,15.200000000000001,moderado
Amazonas,2022,12,18.6,3.4,15.200000000000001,moderado
Antioquia,2022,1,20.9,3.3,17.599999999999998,moderado
Antioquia,2022,2,20.9,3.3,17.599999999999998,moderado
Antioquia,2022,3,20.9,3.3,17.599999999999998,moderado
Antioquia,2022,4,20.9,3.3,17.599999999999998,moderado
Antioquia,2022,5,20.9,3.3,17.599999999999998,moderado
Antioquia,2022,6,20.9,3.3,17.599999999999998,moderado
Antioquia,2022,7,20.9,3.3,17.599999999999998,moderado
Antioquia,2022,8,20.9,3.3,17.599999999999998,moderado
Antioquia,2022,9,20.9,3.3,17.599999999999998,moderado
Antioquia,2022,10,20.9,3.3,17.599999999999998,moderado
Antioquia,2022,11,20.9,3.3,17.599999999999998,moderado
Antioquia,2022,12,20.9,3.3,17.599999999999998,moderado
Arauca,2022,1,39.3,11.0,28.299999999999997,severo
Arauca,2022,2,39.3,11.0,28.299999999999997,severo
Arauca,2022,3,39.3,11.0,28.299999999999997,severo
Arauca,2022,4,39.3,11.0,28.299999999999997,severo
Arauca,2022,5,39.3,11.0,28.299999999999997,severo
Arauca,2022,6,39.3,11.0,28.299999999999997,severo
Arauca,2022,7,39.3,11.0,28.299999999999997,severo
Arauca,2022,8,39.3,11.0,28.299999999999997,severo
Arauca,2022,9,39.3,11.0,28.299999999999997,severo
Arauca,2022,10,39.3,11.0,28.299999999999997,severo
Arauca,2022,11,39.3,11.0,28.299999999999997,severo
Arauca,2022,12,39.3,11.0,28.299999999999997,severo
Atlántico,2022,1,46.1,8.3,37.8,severo
Atlántico,2022,2,46.1,8.3,37.8,severo
Atlántico,2022,3,46.1,8.3,37.8,severo
Atlántico,2022,4,46.1,8.3,37.8,severo
Atlántico,2022,5,46.1,8.3,37.8,severo
Atlántico,2022,6,46.1,8.3,37.8,severo
Atlántico,2022,7,46.1,8.3,37.8,severo
Atlántico,2022,8,46.1,8.3,37.8,severo
Atlántico,2022,9,46.1,8.3,37.8,severo
Atlántico,2022,10,46.1,8.3,37.8,severo
Atlántico,2022,11,46.1,8.3,37.8,severo
Atlántico,2022,12,46.1,8.3,37.8,severo
Bogotá D.C.,2022,1,25.4,4.2,21.2,moderado
Bogotá D.C.,2022,2,25.4,4.2,21.2,moderado
Bogotá D.C.,2022,3,25.4,4.2,21.2,moderado
Bogotá D.C.,2022,4,25.4,4.2,21.2,moderado
Bogotá D.C.,2022,5,25.4,4.2,21.2,moderado
Bogotá D.C.,2022,6,25.4,4.2,21.2,moderado
Bogotá D.C.,2022,7,25.4,4.2,21.2,moderado
Bogotá D.C.,2022,8,25.4,4.2,21.2,moderado
Bogotá D.C.,2022,9,25.4,4.2,21.2,moderado
Bogotá D.C.,2022,10,25.4,4.2,21.2,moderado
Bogotá D.C.,2022,11,25.4,4.2,21.2,moderado
Bogotá D.C.,2022,12,25.4,4.2,21.2,moderado
Bolívar,2022,1,32.6,5.1,27.5,moderado
Bolívar,2022,2,32.6,5.1,27.5,moderado
Bolívar,2022,3,32.6,5.1,27.5,moderado
Bolívar,2022,4,32.6,5.1,27.5,moderado
Bolívar,2022,5,32.6,5.1,27.5,moderado
Bolívar,2022,6,32.6,5.1,27.5,moderado
Bolívar,2022,7,32.6,5.1,27.5,moderado
Bolívar,2022,8,32.6,5.1,27.5,moderado
Bolívar,2022,9,32.6,5.1,27.5,moderado
Bolívar,2022,10,32.6,5.1,27.5,moderado
Bolívar,2022,11,32.6,5.1,27.5,moderado
Bolívar,2022,12,32.6,5.1,27.5,moderado
Boyacá,2022,1,20.7,2.1,18.599999999999998,moderado
Boyacá,2022,2,20.7,2.1,18.599999999999998,moderado
Boyacá,2022,3,20.7,2.1,18.599999999999998,moderado
Boyacá,2022,4,20.7,2.1,18.599999999999998,moderado
Boyacá,2022,5,20.7,2.1,18.599999999999998,moderado
Boyacá,2022,6,20.7,2.1,18.599999999999998,moderado
Boyacá,2022,7,20.7,2.1,18.599999999999998,moderado
Boyacá,2022,8,20.7,2.1,18.599999999999998,moderado
Boyacá,2022,9,20.7,2.1,18.599999999999998,moderado
Boyacá,2022,10,20.7,2.1,18.599999999999998,moderado
Boyacá,2022,11,20.7,2.1,18.599999999999998,moderado
Boyacá,2022,12,20.7,2.1,18.599999999999998,moderado
Caldas,2022,1,14.6,2.5,12.1,leve
Caldas,2022,2,14.6,2.5,12.1,leve
Caldas,2022,3,14.6,2.5,12.1,leve
Caldas,2022,4,14.6,2.5,12.1,leve
Caldas,2022,5,14.6,2.5,12.1,leve
Caldas,2022,6,14.6,2.5,12.1,leve
Caldas,2022,7,14.6,2.5,12.1,leve
Caldas,2022,8,14.6,2.5,12.1,leve
Caldas,2022,9,14.6,2.5,12.1,leve
Caldas,2022,10,14.6,2.5,12.1,leve
Caldas,2022,11,14.6,2.5,12.1,leve
Caldas,2022,12,14.6,2.5,12.1,leve
Caquetá,2022,1,27.2,3.2,24.0,moderado
Caquetá,2022,2,27.2,3.2,24.0,moderado
Caquetá,2022,3,27.2,3.2,24.0,moderado
Caquetá,2022,4,27.2,3.2,24.0,moderado
Caquetá,2022,5,27.2,3.2,24.0,moderado
Caquetá,2022,6,27.2,3.2,24.0,moderado
Caquetá,2022,7,27.2,3.2,24.0,moderado
Caquetá,2022,8,27.2,3.2,24.0,moderado
Caquetá,2022,9,27.2,3.2,24.0,moderado
Caquetá,2022,10,27.2,3.2,24.0,moderado
Caquetá,2022,11,27.2,3.2,24.0,moderado
Caquetá,2022,12,27.2,3.2,24.0,moderado
Casanare,2022,1,28.2,4.3,23.9,moderado
Casanare,2022,2,28.2,4.3,23.9,moderado
Casanare,2022,3,28.2,4.3,23.9,moderado
Casanare,2022,4,28.2,4.3,23.9,moderado
Casanare,2022,5,28.2,4.3,23.9,moderado
Casanare,2022,6,28.2,4.3,23.9,moderado
Casanare,2022,7,28.2,4.3,23.9,moderado
Casanare,2022,8,28.2,4.3,23.9,moderado
Casanare,2022,9,28.2,4.3,23.9,moderado
Casanare,2022,10,28.2,4.3,23.9,moderado
Casanare,2022,11,28.2,4.3,23.9,moderado
Casanare,2022,12,28.2,4.3,23.9,moderado
Cauca,2022,1,22.3,2.8,19.5,moderado
Cauca,2022,2,22.3,2.8,19.5,moderado
Cauca,2022,3,22.3,2.8,19.5,moderado
Cauca,2022,4,22.3,2.8,19.5,moderado
Cauca,2022,5,22.3,2.8,19.5,moderado
Cauca,2022,6,22.3,2.8,19.5,moderado
Cauca,2022,7,22.3,2.8,19.5,moderado
Cauca,2022,8,22.3,2.8,19.5,moderado
Cauca,2022,9,22.3,2.8,19.5,moderado
Cauca,2022,10,22.3,2.8,19.5,moderado
Cauca,2022,11,22.3,2.8,19.5,moderado
Cauca,2022,12,22.3,2.8,19.5,moderado
Cesar,2022,1,41.1,9.4,31.700000000000003,severo
Cesar,2022,2,41.1,9.4,31.700000000000003,severo
Cesar,2022,3,41.1,9.4,31.700000000000003,severo
Cesar,2022,4,41.1,9.4,31.700000000000003,severo
Cesar,2022,5,41.1,9.4,31.700000000000003,severo
Cesar,2022,6,41.1,9.4,31.700000000000003,severo
Cesar,2022,7,41.1,9.4,31.700000000000003,severo
Cesar,2022,8,41.1,9.4,31.700000000000003,severo
Cesar,2022,9,41.1,9.4,31.700000000000003,severo
Cesar,2022,10,41.1,9.4,31.700000000000003,severo
Cesar,2022,11,41.1,9.4,31.700000000000003,severo
Cesar,2022,12,41.1,9.4,31.700000000000003,severo
Córdoba,2022,1,38.9,8.1,30.799999999999997,severo
Córdoba,2022,2,38.9,8.1,30.799999999999997,severo
Córdoba,2022,3,38.9,8.1,30.799999999999997,severo
Córdoba,2022,4,38.9,8.1,30.799999999999997,severo
Córdoba,2022,5,38.9,8.1,30.799999999999997,severo
Córdoba,2022,6,38.9,8.1,30.799999999999997,severo
Córdoba,2022,7,38.9,8.1,30.799999999999997,severo
Córdoba,2022,8,38.9,8.1,30.799999999999997,severo
Córdoba,2022,9,38.9,8.1,30.799999999999997,severo
Córdoba,2022,10,38.9,8.1,30.799999999999997,severo
Córdoba,2022,11,38.9,8.1,30.799999999999997,severo
Córdoba,2022,12,38.9,8.1,30.799999999999997,severo
Cundinamarca,2022,1,23.0,3.7,19.3,moderado
Cundinamarca,2022,2,23.0,3.7,19.3,moderado
Cundinamarca,2022,3,23.0,3.7,19.3,moderado
Cundinamarca,2022,4,23.0,3.7,19.3,moderado
Cundinamarca,2022,5,23.0,3.7,19.3,moderado
Cundinamarca,2022,6,23.0,3.7,19.3,moderado
Cundinamarca,2022,7,23.0,3.7,19.3,moderado
Cundinamarca,2022,8,23.0,3.7,19.3,moderado
Cundinamarca,2022,9,23.0,3.7,19.3,moderado
Cundinamarca,2022,10,23.0,3.7,19.3,moderado
Cundinamarca,2022,11,23.0,3.7,19.3,moderado
Cundinamarca,2022,12,23.0,3.7,19.3,moderado
Chocó,2022,1,43.2,10.4,32.800000000000004,severo
Chocó,2022,2,43.2,10.4,32.800000000000004,severo
Chocó,2022,3,43.2,10.4,32.800000000000004,severo
Chocó,2022,4,43.2,10.4,32.800000000000004,severo
Chocó,2022,5,43.2,10.4,32.800000000000004,severo
Chocó,2022,6,43.2,10.4,32.800000000000004,severo
Chocó,2022,7,43.2,10.4,32.800000000000004,severo
Chocó,2022,8,43.2,10.4,32.800000000000004,severo
Chocó,2022,9,43.2,10.4,32.800000000000004,severo
Chocó,2022,10,43.2,10.4,32.800000000000004,severo
Chocó,2022,11,43.2,10.4,32.800000000000004,severo
Chocó,2022,12,43.2,10.4,32.800000000000004,severo
Guainía,2022,1,29.8,4.4,25.4,moderado
Guainía,2022,2,29.8,4.4,25.4,moderado
Guainía,2022,3,29.8,4.4,25.4,moderado
Guainía,2022,4,29.8,4.4,25.4,moderado
Guainía,2022,5,29.8,4.4,25.4,moderado
Guainía,2022,6,29.8,4.4,25.4,moderado
Guainía,2022,7,29.8,4.4,25.4,moderado
Guainía,2022,8,29.8,4.4,25.4,moderado
Guainía,2022,9,29.8,4.4,25.4,moderado
Guainía,2022,10,29.8,4.4,25.4,moderado
Guainía,2022,11,29.8,4.4,25.4,moderado
Guainía,2022,12,29.8,4.4,25.4,moderado
Guaviare,2022,1,30.4,6.2,24.2,moderado
Guaviare,2022,2,30.4,6.2,24.2,moderado
Guaviare,2022,3,30.4,6.2,24.2,moderado
Guaviare,2022,4,30.4,6.2,24.2,moderado
Guaviare,2022,5,30.4,6.2,24.2,moderado
Guaviare,2022,6,30.4,6.2,24.2,moderado
Guaviare,2022,7,30.4,6.2,24.2,moderado
Guaviare,2022,8,30.4,6.2,24.2,moderado
Guaviare,2022,9,30.4,6.2,24.2,moderado
Guaviare,2022,10,30.4,6.2,24.2,moderado
Guaviare,2022,11,30.4,6.2,24.2,moderado
Guaviare,2022,12,30.4,6.2,24.2,moderado
Huila,2022,1,19.0,2.4,16.6,moderado
Huila,2022,2,19.0,2.4,16.6,moderado
Huila,2022,3,19.0,2.4,16.6,moderado
Huila,2022,4,19.0,2.4,16.6,moderado
Huila,2022,5,19.0,2.4,16.6,moderado
Huila,2022,6,19.0,2.4,16.6,moderado
Huila,2022,7,19.0,2.4,16.6,moderado
Huila,2022,8,19.0,2.4,16.6,moderado
Huila,2022,9,19.0,2.4,16.6,moderado
Huila,2022,10,19.0,2.4,16.6,moderado
Huila,2022,11,19.0,2.4,16.6,moderado
Huila,2022,12,19.0,2.4,16.6,moderado
La Guajira,2022,1,59.7,17.5,42.2,severo
La Guajira,2022,2,59.7,17.5,42.2,severo
La Guajira,2022,3,59.7,17.5,42.2,severo
La Guajira,2022,4,59.7,17.5,42.2,severo
La Guajira,2022,5,59.7,17.5,42.2,severo
La Guajira,2022,6,59.7,17.5,42.2,severo
La Guajira,2022,7,59.7,17.5,42.2,severo
La Guajira,2022,8,59.7,17.5,42.2,severo
La Guajira,2022,9,59.7,17.5,42.2,severo
La Guajira,2022,10,59.7,17.5,42.2,severo
La Guajira,2022,11,59.7,17.5,42.2,severo
La Guajira,2022,12,59.7,17.5,42.2,severo
Magdalena,2022,1,45.3,10.4,34.9,severo
Magdalena,2022,2,45.3,10.4,34.9,severo
Magdalena,2022,3,45.3,10.4,34.9,severo
Magdalena,2022,4,45.3,10.4,34.9,severo
Magdalena,2022,5,45.3,10.4,34.9,severo
Magdalena,2022,6,45.3,10.4,34.9,severo
Magdalena,2022,7,45.3,10.4,34.9,severo
Magdalena,2022,8,45.3,10.4,34.9,severo
Magdalena,2022,9,45.3,10.4,34.9,severo
Magdalena,2022,10,45.3,10.4,34.9,severo
Magdalena,2022,11,45.3,10.4,34.9,severo
Magdalena,2022,12,45.3,10.4,34.9,severo
Meta,2022,1,25.5,4.1,21.4,moderado
Meta,2022,2,25.5,4.1,21.4,moderado
Meta,2022,3,25.5,4.1,21.4,moderado
Meta,2022,4,25.5,4.1,21.4,moderado
Meta,2022,5,25.5,4.1,21.4,moderado
Meta,2022,6,25.5,4.1,21.4,moderado
Meta,2022,7,25.5,4.1,21.4,moderado
Meta,2022,8,25.5,4.1,21.4,moderado
Meta,2022,9,25.5,4.1,21.4,moderado
Meta,2022,10,25.5,4.1,21.4,moderado
Meta,2022,11,25.5,4.1,21.4,moderado
Meta,2022,12,25.5,4.1,21.4,moderado
Nariño,2022,1,37.1,7.4,29.700000000000003,severo
Nariño,2022,2,37.1,7.4,29.700000000000003,severo
Nariño,2022,3,37.1,7.4,29.700000000000003,severo
Nariño,2022,4,37.1,7.4,29.700000000000003,severo
Nariño,2022,5,37.1,7.4,29.700000000000003,severo
Nariño,2022,6,37.1,7.4,29.700000000000003,severo
Nariño,2022,7,37.1,7.4,29.700000000000003,severo
Nariño,2022,8,37.1,7.4,29.700000000000003,severo
Nariño,2022,9,37.1,7.4,29.700000000000003,severo
Nariño,2022,10,37.1,7.4,29.700000000000003,severo
Nariño,2022,11,37.1,7.4,29.700000000000003,severo
Nariño,2022,12,37.1,7.4,29.700000000000003,severo
Norte de Santander,2022,1,25.8,2.9,22.900000000000002,moderado
Norte de Santander,2022,2,25.8,2.9,22.900000000000002,moderado
Norte de Santander,2022,3,25.8,2.9,22.900000000000002,moderado
Norte de Santander,2022,4,25.8,2.9,22.900000000000002,moderado
Norte de Santander,2022,5,25.8,2.9,22.900000000000002,moderado
Norte de Santander,2022,6,25.8,2.9,22.900000000000002,moderado
Norte de Santander,2022,7,25.8,2.9,22.900000000000002,moderado
Norte de Santander,2022,8,25.8,2.9,22.900000000000002,moderado
Norte de Santander,2022,9,25.8,2.9,22.900000000000002,moderado
Norte de Santander,2022,10,25.8,2.9,22.900000000000002,moderado
Norte de Santander,2022,11,25.8,2.9,22.900000000000002,moderado
Norte de Santander,2022,12,25.8,2.9,22.900000000000002,moderado
Putumayo,2022,1,24.4,3.0,21.4,moderado
Putumayo,2022,2,24.4,3.0,21.4,moderado
Putumayo,2022,3,24.4,3.0,21.4,moderado
Putumayo,2022,4,24.4,3.0,21.4,moderado
Putumayo,2022,5,24.4,3.0,21.4,moderado
Putumayo,2022,6,24.4,3.0,21.4,moderado
Putumayo,2022,7,24.4,3.0,21.4,moderado
Putumayo,2022,8,24.4,3.0,21.4,moderado
Putumayo,2022,9,24.4,3.0,21.4,moderado
Putumayo,2022,10,24.4,3.0,21.4,moderado
Putumayo,2022,11,24.4,3.0,21.4,moderado
Putumayo,2022,12,24.4,3.0,21.4,moderado
Quindío,2022,1,17.3,2.2,15.100000000000001,moderado
Quindío,2022,2,17.3,2.2,15.100000000000001,moderado
Quindío,2022,3,17.3,2.2,15.100000000000001,moderado
Quindío,2022,4,17.3,2.2,15.100000000000001,moderado
Quindío,2022,5,17.3,2.2,15.100000000000001,moderado
Quindío,2022,6,17.3,2.2,15.100000000000001,moderado
Quindío,2022,7,17.3,2.2,15.100000000000001,moderado
Quindío,2022,8,17.3,2.2,15.100000000000001,moderado
Quindío,2022,9,17.3,2.2,15.100000000000001,moderado
Quindío,2022,10,17.3,2.2,15.100000000000001,moderado
Quindío,2022,11,17.3,2.2,15.100000000000001,moderado
Quindío,2022,12,17.3,2.2,15.100000000000001,moderado
Risaralda,2022,1,17.5,2.5,15.0,moderado
Risaralda,2022,2,17.5,2.5,15.0,moderado
Risaralda,2022,3,17.5,2.5,15.0,moderado
Risaralda,2022,4,17.5,2.5,15.0,moderado
Risaralda,2022,5,17.5,2.5,15.0,moderado
Risaralda,2022,6,17.5,2.5,15.0,moderado
Risaralda,2022,7,17.5,2.5,15.0,moderado
Risaralda,2022,8,17.5,2.5,15.0,moderado
Risaralda,2022,9,17.5,2.5,15.0,moderado
Risaralda,2022,10,17.5,2.5,15.0,moderado
Risaralda,2022,11,17.5,2.5,15.0,moderado
Risaralda,2022,12,17.5,2.5,15.0,moderado
Santander,2022,1,20.5,2.5,18.0,moderado
Santander,2022,2,20.5,2.5,18.0,moderado
Santander,2022,3,20.5,2.5,18.0,moderado
Santander,2022,4,20.5,2.5,18.0,moderado
Santander,2022,5,20.5,2.5,18.0,moderado
Santander,2022,6,20.5,2.5,18.0,moderado
Santander,2022,7,20.5,2.5,18.0,moderado
Santander,2022,8,20.5,2.5,18.0,moderado
Santander,2022,9,20.5,2.5,18.0,moderado
Santander,2022,10,20.5,2.5,18.0,moderado
Santander,2022,11,20.5,2.5,18.0,moderado
Santander,2022,12,20.5,2.5,18.0,moderado
Sucre,2022,1,47.9,10.4,37.5,severo
Sucre,2022,2,47.9,10.4,37.5,severo
Sucre,2022,3,47.9,10.4,37.5,severo
Sucre,2022,4,47.9,10.4,37.5,severo
Sucre,2022,5,47.9,10.4,37.5,severo
Sucre,2022,6,47.9,10.4,37.5,severo
Sucre,2022,7,47.9,10.4,37.5,severo
Sucre,2022,8,47.9,10.4,37.5,severo
Sucre,2022,9,47.9,10.4,37.5,severo
Sucre,2022,10,47.9,10.4,37.5,severo
Sucre,2022,11,47.9,10.4,37.5,severo
Sucre,2022,12,47.9,10.4,37.5,severo
Tolima,2022,1,27.4,3.3,24.099999999999998,moderado
Tolima,2022,2,27.4,3.3,24.099999999999998,moderado
Tolima,2022,3,27.4,3.3,24.099999999999998,moderado
Tolima,2022,4,27.4,3.3,24.099999999999998,moderado
Tolima,2022,5,27.4,3.3,24.099999999999998,moderado
Tolima,2022,6,27.4,3.3,24.099999999999998,moderado
Tolima,2022,7,27.4,3.3,24.099999999999998,moderado
Tolima,2022,8,27.4,3.3,24.099999999999998,moderado
Tolima,2022,9,27.4,3.3,24.099999999999998,moderado
Tolima,2022,10,27.4,3.3,24.099999999999998,moderado
Tolima,2022,11,27.4,3.3,24.099999999999998,moderado
Tolima,2022,12,27.4,3.3,24.099999999999998,moderado
Valle,2022,1,28.0,4.5,23.5,moderado
Valle,2022,2,28.0,4.5,23.5,moderado
Valle,2022,3,28.0,4.5,23.5,moderado
Valle,2022,4,28.0,4.5,23.5,moderado
Valle,2022,5,28.0,4.5,23.5,moderado
Valle,2022,6,28.0,4.5,23.5,moderado
Valle,2022,7,28.0,4.5,23.5,moderado
Valle,2022,8,28.0,4.5,23.5,moderado
Valle,2022,9,28.0,4.5,23.5,moderado
Valle,2022,10,28.0,4.5,23.5,moderado
Valle,2022,11,28.0,4.5,23.5,moderado
Valle,2022,12,28.0,4.5,23.5,moderado
Vaupés,2022,1,36.5,8.7,27.8,severo
Vaupés,2022,2,36.5,8.7,27.8,severo
Vaupés,2022,3,36.5,8.7,27.8,severo
Vaupés,2022,4,36.5,8.7,27.8,severo
Vaupés,2022,5,36.5,8.7,27.8,severo
Vaupés,2022,6,36.5,8.7,27.8,severo
Vaupés,2022,7,36.5,8.7,27.8,severo
Vaupés,2022,8,36.5,8.7,27.8,severo
Vaupés,2022,9,36.5,8.7,27.8,severo
Vaupés,2022,10,36.5,8.7,27.8,severo
Vaupés,2022,11,36.5,8.7,27.8,severo
Vaupés,2022,12,36.5,8.7,27.8,severo
Vichada,2022,1,30.7,9.2,21.5,severo
Vichada,2022,2,30.7,9.2,21.5,severo
Vichada,2022,3,30.7,9.2,21.5,severo
Vichada,2022,4,30.7,9.2,21.5,severo
Vichada,2022,5,30.7,9.2,21.5,severo
Vichada,2022,6,30.7,9.2,21.5,severo
Vichada,2022,7,30.7,9.2,21.5,severo
Vichada,2022,8,30.7,9.2,21.5,severo
Vichada,2022,9,30.7,9.2,21.5,severo
Vichada,2022,10,30.7,9.2,21.5,severo
Vichada,2022,11,30.7,9.2,21.5,severo
Vichada,2022,12,30.7,9.2,21.5,severo
Amazonas,2023,1,20.6,5.2,15.400000000000002,moderado
Amazonas,2023,2,20.6,5.2,15.400000000000002,moderado
Amazonas,2023,3,20.6,5.2,15.400000000000002,moderado
Amazonas,2023,4,20.6,5.2,15.400000000000002,moderado
Amazonas,2023,5,20.6,5.2,15.400000000000002,moderado
Amazonas,2023,6,20.6,5.2,15.400000000000002,moderado
Amazonas,2023,7,20.6,5.2,15.400000000000002,moderado
Amazonas,2023,8,20.6,5.2,15.400000000000002,moderado
Amazonas,2023,9,20.6,5.2,15.400000000000002,moderado
Amazonas,2023,10,20.6,5.2,15.400000000000002,moderado
Amazonas,2023,11,20.6,5.2,15.400000000000002,moderado
Amazonas,2023,12,20.6,5.2,15.400000000000002,moderado
Antioquia,2023,1,21.6,3.0,18.6,moderado
Antioquia,2023,2,21.6,3.0,18.6,moderado
Antioquia,2023,3,21.6,3.0,18.6,moderado
Antioquia,2023,4,21.6,3.0,18.6,moderado
Antioquia,2023,5,21.6,3.0,18.6,moderado
Antioquia,2023,6,21.6,3.0,18.6,moderado
Antioquia,2023,7,21.6,3.0,18.6,moderado
Antioquia,2023,8,21.6,3.0,18.6,moderado
Antioquia,2023,9,21.6,3.0,18.6,moderado
Antioquia,2023,10,21.6,3.0,18.6,moderado
Antioquia,2023,11,21.6,3.0,18.6,moderado
Antioquia,2023,12,21.6,3.0,18.6,moderado
Arauca,2023,1,31.7,9.9,21.799999999999997,severo
Arauca,2023,2,31.7,9.9,21.799999999999997,severo
Arauca,2023,3,31.7,9.9,21.799999999999997,severo
Arauca,2023,4,31.7,9.9,21.799999999999997,severo
Arauca,2023,5,31.7,9.9,21.799999999999997,severo
Arauca,2023,6,31.7,9.9,21.799999999999997,severo
Arauca,2023,7,31.7,9.9,21.799999999999997,severo
Arauca,2023,8,31.7,9.9,21.799999999999997,severo
Arauca,2023,9,31.7,9.9,21.799999999999997,severo
Arauca,2023,10,31.7,9.9,21.799999999999997,severo
Arauca,2023,11,31.7,9.9,21.799999999999997,severo
Arauca,2023,12,31.7,9.9,21.799999999999997,severo
Atlántico,2023,1,35.8,8.5,27.299999999999997,severo
Atlántico,2023,2,35.8,8.5,27.299999999999997,severo
Atlántico,2023,3,35.8,8.5,27.299999999999997,severo
Atlántico,2023,4,35.8,8.5,27.299999999999997,severo
Atlántico,2023,5,35.8,8.5,27.299999999999997,severo
Atlántico,2023,6,35.8,8.5,27.299999999999997,severo
Atlántico,2023,7,35.8,8.5,27.299999999999997,severo
Atlántico,2023,8,35.8,8.5,27.299999999999997,severo
Atlántico,2023,9,35.8,8.5,27.299999999999997,severo
Atlántico,2023,10,35.8,8.5,27.299999999999997,severo
Atlántico,2023,11,35.8,8.5,27.299999999999997,severo
Atlántico,2023,12,35.8,8.5,27.299999999999997,severo
Bogotá D.C.,2023,1,21.2,4.7,16.5,moderado
Bogotá D.C.,2023,2,21.2,4.7,16.5,moderado
Bogotá D.C.,2023,3,21.2,4.7,16.5,moderado
Bogotá D.C.,2023,4,21.2,4.7,16.5,moderado
Bogotá D.C.,2023,5,21.2,4.7,16.5,moderado
Bogotá D.C.,2023,6,21.2,4.7,16.5,moderado
Bogotá D.C.,2023,7,21.2,4.7,16.5,moderado
Bogotá D.C.,2023,8,21.2,4.7,16.5,moderado
Bogotá D.C.,2023,9,21.2,4.7,16.5,moderado
Bogotá D.C.,2023,10,21.2,4.7,16.5,moderado
Bogotá D.C.,2023,11,21.2,4.7,16.5,moderado
Bogotá D.C.,2023,12,21.2,4.7,16.5,moderado
Bolívar,2023,1,32.9,6.2,26.7,moderado
Bolívar,2023,2,32.9,6.2,26.7,moderado
Bolívar,2023,3,32.9,6.2,26.7,moderado
Bolívar,2023,4,32.9,6.2,26.7,moderado
Bolívar,2023,5,32.9,6.2,26.7,moderado
Bolívar,2023,6,32.9,6.2,26.7,moderado
Bolívar,2023,7,32.9,6.2,26.7,moderado
Bolívar,2023,8,32.9,6.2,26.7,moderado
Bolívar,2023,9,32.9,6.2,26.7,moderado
Bolívar,2023,10,32.9,6.2,26.7,moderado
Bolívar,2023,11,32.9,6.2,26.7,moderado
Bolívar,2023,12,32.9,6.2,26.7,moderado
Boyacá,2023,1,16.7,1.5,15.2,moderado
Boyacá,2023,2,16.7,1.5,15.2,moderado
Boyacá,2023,3,16.7,1.5,15.2,moderado
Boyacá,2023,4,16.7,1.5,15.2,moderado
Boyacá,2023,5,16.7,1.5,15.2,moderado
Boyacá,2023,6,16.7,1.5,15.2,moderado
Boyacá,2023,7,16.7,1.5,15.2,moderado
Boyacá,2023,8,16.7,1.5,15.2,moderado
Boyacá,2023,9,16.7,1.5,15.2,moderado
Boyacá,2023,10,16.7,1.5,15.2,moderado
Boyacá,2023,11,16.7,1.5,15.2,moderado
Boyacá,2023,12,16.7,1.5,15.2,moderado
Caldas,2023,1,14.8,1.9,12.9,leve
Caldas,2023,2,14.8,1.9,12.9,leve
Caldas,2023,3,14.8,1.9,12.9,leve
Caldas,2023,4,14.8,1.9,12.9,leve
Caldas,2023,5,14.8,1.9,12.9,leve
Caldas,2023,6,14.8,1.9,12.9,leve
Caldas,2023,7,14.8,1.9,12.9,leve
Caldas,2023,8,14.8,1.9,12.9,leve
Caldas,2023,9,14.8,1.9,12.9,leve
Caldas,2023,10,14.8,1.9,12.9,leve
Caldas,2023,11,14.8,1.9,12.9,leve
Caldas,2023,12,14.8,1.9,12.9,leve
Caquetá,2023,1,13.7,1.2,12.5,leve
Caquetá,2023,2,13.7,1.2,12.5,leve
Caquetá,2023,3,13.7,1.2,12.5,leve
Caquetá,2023,4,13.7,1.2,12.5,leve
Caquetá,2023,5,13.7,1.2,12.5,leve
Caquetá,2023,6,13.7,1.2,12.5,leve
Caquetá,2023,7,13.7,1.2,12.5,leve
Caquetá,2023,8,13.7,1.2,12.5,leve
Caquetá,2023,9,13.7,1.2,12.5,leve
Caquetá,2023,10,13.7,1.2,12.5,leve
Caquetá,2023,11,13.7,1.2,12.5,leve
Caquetá,2023,12,13.7,1.2,12.5,leve
Casanare,2023,1,32.9,6.0,26.9,moderado
Casanare,2023,2,32.9,6.0,26.9,moderado
Casanare,2023,3,32.9,6.0,26.9,moderado
Casanare,2023,4,32.9,6.0,26.9,moderado
Casanare,2023,5,32.9,6.0,26.9,moderado
Casanare,2023,6,32.9,6.0,26.9,moderado
Casanare,2023,7,32.9,6.0,26.9,moderado
Casanare,2023,8,32.9,6.0,26.9,moderado
Casanare,2023,9,32.9,6.0,26.9,moderado
Casanare,2023,10,32.9,6.0,26.9,moderado
Casanare,2023,11,32.9,6.0,26.9,moderado
Casanare,2023,12,32.9,6.0,26.9,moderado
Cauca,2023,1,29.0,5.5,23.5,moderado
Cauca,2023,2,29.0,5.5,23.5,moderado
Cauca,2023,3,29.0,5.5,23.5,moderado
Cauca,2023,4,29.0,5.5,23.5,moderado
Cauca,2023,5,29.0,5.5,23.5,moderado
Cauca,2023,6,29.0,5.5,23.5,moderado
Cauca,2023,7,29.0,5.5,23.5,moderado
Cauca,2023,8,29.0,5.5,23.5,moderado
Cauca,2023,9,29.0,5.5,23.5,moderado
Cauca,2023,10,29.0,5.5,23.5,moderado
Cauca,2023,11,29.0,5.5,23.5,moderado
Cauca,2023,12,29.0,5.5,23.5,moderado
Cesar,2023,1,32.2,9.0,23.200000000000003,severo
Cesar,2023,2,32.2,9.0,23.200000000000003,severo
Cesar,2023,3,32.2,9.0,23.200000000000003,severo
Cesar,2023,4,32.2,9.0,23.200000000000003,severo
Cesar,2023,5,32.2,9.0,23.200000000000003,severo
Cesar,2023,6,32.2,9.0,23.200000000000003,severo
Cesar,2023,7,32.2,9.0,23.200000000000003,severo
Cesar,2023,8,32.2,9.0,23.200000000000003,severo
Cesar,2023,9,32.2,9.0,23.200000000000003,severo
Cesar,2023,10,32.2,9.0,23.200000000000003,severo
Cesar,2023,11,32.2,9.0,23.200000000000003,severo
Cesar,2023,12,32.2,9.0,23.200000000000003,severo
Córdoba,2023,1,30.6,4.5,26.1,moderado
Córdoba,2023,2,30.6,4.5,26.1,moderado
Córdoba,2023,3,30.6,4.5,26.1,moderado
Córdoba,2023,4,30.6,4.5,26.1,moderado
Córdoba,2023,5,30.6,4.5,26.1,moderado
Córdoba,2023,6,30.6,4.5,26.1,moderado
Córdoba,2023,7,30.6,4.5,26.1,moderado
Córdoba,2023,8,30.6,4.5,26.1,moderado
Córdoba,2023,9,30.6,4.5,26.1,moderado
Córdoba,2023,10,30.6,4.5,26.1,moderado
Córdoba,2023,11,30.6,4.5,26.1,moderado
Córdoba,2023,12,30.6,4.5,26.1,moderado
Cundinamarca,2023,1,27.2,4.1,23.1,moderado
Cundinamarca,2023,2,27.2,4.1,23.1,moderado
Cundinamarca,2023,3,27.2,4.1,23.1,moderado
Cundinamarca,2023,4,27.2,4.1,23.1,moderado
Cundinamarca,2023,5,27.2,4.1,23.1,moderado
Cundinamarca,2023,6,27.2,4.1,23.1,moderado
Cundinamarca,2023,7,27.2,4.1,23.1,moderado
Cundinamarca,2023,8,27.2,4.1,23.1,moderado
Cundinamarca,2023,9,27.2,4.1,23.1,moderado
Cundinamarca,2023,10,27.2,4.1,23.1,moderado
Cundinamarca,2023,11,27.2,4.1,23.1,moderado
Cundinamarca,2023,12,27.2,4.1,23.1,moderado
Chocó,2023,1,18.9,2.9,15.999999999999998,moderado
Chocó,2023,2,18.9,2.9,15.999999999999998,moderado
Chocó,2023,3,18.9,2.9,15.999999999999998,moderado
Chocó,2023,4,18.9,2.9,15.999999999999998,moderado
Chocó,2023,5,18.9,2.9,15.999999999999998,moderado
Chocó,2023,6,18.9,2.9,15.999999999999998,moderado
Chocó,2023,7,18.9,2.9,15.999999999999998,moderado
Chocó,2023,8,18.9,2.9,15.999999999999998,moderado
Chocó,2023,9,18.9,2.9,15.999999999999998,moderado
Chocó,2023,10,18.9,2.9,15.999999999999998,moderado
Chocó,2023,11,18.9,2.9,15.999999999999998,moderado
Chocó,2023,12,18.9,2.9,15.999999999999998,moderado
Guainía,2023,1,26.4,6.3,20.099999999999998,moderado
Guainía,2023,2,26.4,6.3,20.099999999999998,moderado
Guainía,2023,3,26.4,6.3,20.099999999999998,moderado
Guainía,2023,4,26.4,6.3,20.099999999999998,moderado
Guainía,2023,5,26.4,6.3,20.099999999999998,moderado
Guainía,2023,6,26.4,6.3,20.099999999999998,moderado
Guainía,2023,7,26.4,6.3,20.099999999999998,moderado
Guainía,2023,8,26.4,6.3,20.099999999999998,moderado
Guainía,2023,9,26.4,6.3,20.099999999999998,moderado
Guainía,2023,10,26.4,6.3,20.099999999999998,moderado
Guainía,2023,11,26.4,6.3,20.099999999999998,moderado
Guainía,2023,12,26.4,6.3,20.099999999999998,moderado
Guaviare,2023,1,36.7,9.2,27.500000000000004,severo
Guaviare,2023,2,36.7,9.2,27.500000000000004,severo
Guaviare,2023,3,36.7,9.2,27.500000000000004,severo
Guaviare,2023,4,36.7,9.2,27.500000000000004,severo
Guaviare,2023,5,36.7,9.2,27.500000000000004,severo
Guaviare,2023,6,36.7,9.2,27.500000000000004,severo
Guaviare,2023,7,36.7,9.2,27.500000000000004,severo
Guaviare,2023,8,36.7,9.2,27.500000000000004,severo
Guaviare,2023,9,36.7,9.2,27.500000000000004,severo
Guaviare,2023,10,36.7,9.2,27.500000000000004,severo
Guaviare,2023,11,36.7,9.2,27.500000000000004,severo
Guaviare,2023,12,36.7,9.2,27.500000000000004,severo
Huila,2023,1,22.7,2.8,19.9,moderado
Huila,2023,2,22.7,2.8,19.9,moderado
Huila,2023,3,22.7,2.8,19.9,moderado
Huila,2023,4,22.7,2.8,19.9,moderado
Huila,2023,5,22.7,2.8,19.9,moderado
Huila,2023,6,22.7,2.8,19.9,moderado
Huila,2023,7,22.7,2.8,19.9,moderado
Huila,2023,8,22.7,2.8,19.9,moderado
Huila,2023,9,22.7,2.8,19.9,moderado
Huila,2023,10,22.7,2.8,19.9,moderado
Huila,2023,11,22.7,2.8,19.9,moderado
Huila,2023,12,22.7,2.8,19.9,moderado
La Guajira,2023,1,50.1,15.6,34.5,severo
La Guajira,2023,2,50.1,15.6,34.5,severo
La Guajira,2023,3,50.1,15.6,34.5,severo
La Guajira,2023,4,50.1,15.6,34.5,severo
La Guajira,2023,5,50.1,15.6,34.5,severo
La Guajira,2023,6,50.1,15.6,34.5,severo
La Guajira,2023,7,50.1,15.6,34.5,severo
La Guajira,2023,8,50.1,15.6,34.5,severo
La Guajira,2023,9,50.1,15.6,34.5,severo
La Guajira,2023,10,50.1,15.6,34.5,severo
La Guajira,2023,11,50.1,15.6,34.5,severo
La Guajira,2023,12,50.1,15.6,34.5,severo
Magdalena,2023,1,39.0,8.7,30.3,severo
Magdalena,2023,2,39.0,8.7,30.3,severo
Magdalena,2023,3,39.0,8.7,30.3,severo
Magdalena,2023,4,39.0,8.7,30.3,severo
Magdalena,2023,5,39.0,8.7,30.3,severo
Magdalena,2023,6,39.0,8.7,30.3,severo
Magdalena,2023,7,39.0,8.7,30.3,severo
Magdalena,2023,8,39.0,8.7,30.3,severo
Magdalena,2023,9,39.0,8.7,30.3,severo
Magdalena,2023,10,39.0,8.7,30.3,severo
Magdalena,2023,11,39.0,8.7,30.3,severo
Magdalena,2023,12,39.0,8.7,30.3,severo
Meta,2023,1,25.9,4.7,21.2,moderado
Meta,2023,2,25.9,4.7,21.2,moderado
Meta,2023,3,25.9,4.7,21.2,moderado
Meta,2023,4,25.9,4.7,21.2,moderado
Meta,2023,5,25.9,4.7,21.2,moderado
Meta,2023,6,25.9,4.7,21.2,moderado
Meta,2023,7,25.9,4.7,21.2,moderado
Meta,2023,8,25.9,4.7,21.2,moderado
Meta,2023,9,25.9,4.7,21.2,moderado
Meta,2023,10,25.9,4.7,21.2,moderado
Meta,2023,11,25.9,4.7,21.2,moderado
Meta,2023,12,25.9,4.7,21.2,moderado
Nariño,2023,1,29.7,3.8,25.9,moderado
Nariño,2023,2,29.7,3.8,25.9,moderado
Nariño,2023,3,29.7,3.8,25.9,moderado
Nariño,2023,4,29.7,3.8,25.9,moderado
Nariño,2023,5,29.7,3.8,25.9,moderado
Nariño,2023,6,29.7,3.8,25.9,moderado
Nariño,2023,7,29.7,3.8,25.9,moderado
Nariño,2023,8,29.7,3.8,25.9,moderado
Nariño,2023,9,29.7,3.8,25.9,moderado
Nariño,2023,10,29.7,3.8,25.9,moderado
Nariño,2023,11,29.7,3.8,25.9,moderado
Nariño,2023,12,29.7,3.8,25.9,moderado
Norte de Santander,2023,1,23.9,3.6,20.299999999999997,moderado
Norte de Santander,2023,2,23.9,3.6,20.299999999999997,moderado
Norte de Santander,2023,3,23.9,3.6,20.299999999999997,moderado
Norte de Santander,2023,4,23.9,3.6,20.299999999999997,moderado
Norte de Santander,2023,5,23.9,3.6,20.299999999999997,moderado
Norte de Santander,2023,6,23.9,3.6,20.299999999999997,moderado
Norte de Santander,2023,7,23.9,3.6,20.299999999999997,moderado
Norte de Santander,2023,8,23.9,3.6,20.299999999999997,moderado
Norte de Santander,2023,9,23.9,3.6,20.299999999999997,moderado
Norte de Santander,2023,10,23.9,3.6,20.299999999999997,moderado
Norte de Santander,2023,11,23.9,3.6,20.299999999999997,moderado
Norte de Santander,2023,12,23.9,3.6,20.299999999999997,moderado
Putumayo,2023,1,18.0,1.2,16.8,moderado
Putumayo,2023,2,18.0,1.2,16.8,moderado
Putumayo,2023,3,18.0,1.2,16.8,moderado
Putumayo,2023,4,18.0,1.2,16.8,moderado
Putumayo,2023,5,18.0,1.2,16.8,moderado
Putumayo,2023,6,18.0,1.2,16.8,moderado
Putumayo,2023,7,18.0,1.2,16.8,moderado
Putumayo,2023,8,18.0,1.2,16.8,moderado
Putumayo,2023,9,18.0,1.2,16.8,moderado
Putumayo,2023,10,18.0,1.2,16.8,moderado
Putumayo,2023,11,18.0,1.2,16.8,moderado
Putumayo,2023,12,18.0,1.2,16.8,moderado
Quindío,2023,1,24.5,3.6,20.9,moderado
Quindío,2023,2,24.5,3.6,20.9,moderado
Quindío,2023,3,24.5,3.6,20.9,moderado
Quindío,2023,4,24.5,3.6,20.9,moderado
Quindío,2023,5,24.5,3.6,20.9,moderado
Quindío,2023,6,24.5,3.6,20.9,moderado
Quindío,2023,7,24.5,3.6,20.9,moderado
Quindío,2023,8,24.5,3.6,20.9,moderado
Quindío,2023,9,24.5,3.6,20.9,moderado
Quindío,2023,10,24.5,3.6,20.9,moderado
Quindío,2023,11,24.5,3.6,20.9,moderado
Quindío,2023,12,24.5,3.6,20.9,moderado
Risaralda,2023,1,17.1,3.9,13.200000000000001,moderado
Risaralda,2023,2,17.1,3.9,13.200000000000001,moderado
Risaralda,2023,3,17.1,3.9,13.200000000000001,moderado
Risaralda,2023,4,17.1,3.9,13.200000000000001,moderado
Risaralda,2023,5,17.1,3.9,13.200000000000001,moderado
Risaralda,2023,6,17.1,3.9,13.200000000000001,moderado
Risaralda,2023,7,17.1,3.9,13.200000000000001,moderado
Risaralda,2023,8,17.1,3.9,13.200000000000001,moderado
Risaralda,2023,9,17.1,3.9,13.200000000000001,moderado
Risaralda,2023,10,17.1,3.9,13.200000000000001,moderado
Risaralda,2023,11,17.1,3.9,13.200000000000001,moderado
Risaralda,2023,12,17.1,3.9,13.200000000000001,moderado
Santander,2023,1,23.2,3.0,20.2,moderado
Santander,2023,2,23.2,3.0,20.2,moderado
Santander,2023,3,23.2,3.0,20.2,moderado
Santander,2023,4,23.2,3.0,20.2,moderado
Santander,2023,5,23.2,3.0,20.2,moderado
Santander,2023,6,23.2,3.0,20.2,moderado
Santander,2023,7,23.2,3.0,20.2,moderado
Santander,2023,8,23.2,3.0,20.2,moderado
Santander,2023,9,23.2,3.0,20.2,moderado
Santander,2023,10,23.2,3.0,20.2,moderado
Santander,2023,11,23.2,3.0,20.2,moderado
Santander,2023,12,23.2,3.0,20.2,moderado
Sucre,2023,1,44.8,10.6,34.199999999999996,severo
Sucre,2023,2,44.8,10.6,34.199999999999996,severo
Sucre,2023,3,44.8,10.6,34.199999999999996,severo
Sucre,2023,4,44.8,10.6,34.199999999999996,severo
Sucre,2023,5,44.8,10.6,34.199999999999996,severo
Sucre,2023,6,44.8,10.6,34.199999999999996,severo
Sucre,2023,7,44.8,10.6,34.199999999999996,severo
Sucre,2023,8,44.8,10.6,34.199999999999996,severo
Sucre,2023,9,44.8,10.6,34.199999999999996,severo
Sucre,2023,10,44.8,10.6,34.199999999999996,severo
Sucre,2023,11,44.8,10.6,34.199999999999996,severo
Sucre,2023,12,44.8,10.6,34.199999999999996,severo
Tolima,2023,1,32.6,5.5,27.1,moderado
Tolima,2023,2,32.6,5.5,27.1,moderado
Tolima,2023,3,32.6,5.5,27.1,moderado
Tolima,2023,4,32.6,5.5,27.1,moderado
Tolima,2023,5,32.6,5.5,27.1,moderado
Tolima,2023,6,32.6,5.5,27.1,moderado
Tolima,2023,7,32.6,5.5,27.1,moderado
Tolima,2023,8,32.6,5.5,27.1,moderado
Tolima,2023,9,32.6,5.5,27.1,moderado
Tolima,2023,10,32.6,5.5,27.1,moderado
Tolima,2023,11,32.6,5.5,27.1,moderado
Tolima,2023,12,32.6,5.5,27.1,moderado
Valle,2023,1,26.1,4.3,21.8,moderado
Valle,2023,2,26.1,4.3,21.8,moderado
Valle,2023,3,26.1,4.3,21.8,moderado
Valle,2023,4,26.1,4.3,21.8,moderado
Valle,2023,5,26.1,4.3,21.8,moderado
Valle,2023,6,26.1,4.3,21.8,moderado
Valle,2023,7,26.1,4.3,21.8,moderado
Valle,2023,8,26.1,4.3,21.8,moderado
Valle,2023,9,26.1,4.3,21.8,moderado
Valle,2023,10,26.1,4.3,21.8,moderado
Valle,2023,11,26.1,4.3,21.8,moderado
Valle,2023,12,26.1,4.3,21.8,moderado
Vaupés,2023,1,34.4,4.7,29.7,moderado
Vaupés,2023,2,34.4,4.7,29.7,moderado
Vaupés,2023,3,34.4,4.7,29.7,moderado
Vaupés,2023,4,34.4,4.7,29.7,moderado
Vaupés,2023,5,34.4,4.7,29.7,moderado
Vaupés,2023,6,34.4,4.7,29.7,moderado
Vaupés,2023,7,34.4,4.7,29.7,moderado
Vaupés,2023,8,34.4,4.7,29.7,moderado
Vaupés,2023,9,34.4,4.7,29.7,moderado
Vaupés,2023,10,34.4,4.7,29.7,moderado
Vaupés,2023,11,34.4,4.7,29.7,moderado
Vaupés,2023,12,34.4,4.7,29.7,moderado
Vichada,2023,1,39.7,16.8,22.900000000000002,severo
Vichada,2023,2,39.7,16.8,22.900000000000002,severo
Vichada,2023,3,39.7,16.8,22.900000000000002,severo
Vichada,2023,4,39.7,16.8,22.900000000000002,severo
Vichada,2023,5,39.7,16.8,22.900000000000002,severo
Vichada,2023,6,39.7,16.8,22.900000000000002,severo
Vichada,2023,7,39.7,16.8,22.900000000000002,severo
Vichada,2023,8,39.7,16.8,22.900000000000002,severo
Vichada,2023,9,39.7,16.8,22.900000000000002,severo
Vichada,2023,10,39.7,16.8,22.900000000000002,severo
Vichada,2023,11,39.7,16.8,22.900000000000002,severo
Vichada,2023,12,39.7,16.8,22.900000000000002,severo
Amazonas,2024,1,19.1,2.7,16.400000000000002,moderado
Amazonas,2024,2,19.1,2.7,16.400000000000002,moderado
Amazonas,2024,3,19.1,2.7,16.400000000000002,moderado
Amazonas,2024,4,19.1,2.7,16.400000000000002,moderado
Amazonas,2024,5,19.1,2.7,16.400000000000002,moderado
Amazonas,2024,6,19.1,2.7,16.400000000000002,moderado
Amazonas,2024,7,19.1,2.7,16.400000000000002,moderado
Amazonas,2024,8,19.1,2.7,16.400000000000002,moderado
Amazonas,2024,9,19.1,2.7,16.400000000000002,moderado
Amazonas,2024,10,19.1,2.7,16.400000000000002,moderado
Amazonas,2024,11,19.1,2.7,16.400000000000002,moderado
Amazonas,2024,12,19.1,2.7,16.400000000000002,moderado
Antioquia,2024,1,27.9,4.7,23.2,moderado
Antioquia,2024,2,27.9,4.7,23.2,moderado
Antioquia,2024,3,27.9,4.7,23.2,moderado
Antioquia,2024,4,27.9,4.7,23.2,moderado
Antioquia,2024,5,27.9,4.7,23.2,moderado
Antioquia,2024,6,27.9,4.7,23.2,moderado
Antioquia,2024,7,27.9,4.7,23.2,moderado
Antioquia,2024,8,27.9,4.7,23.2,moderado
Antioquia,2024,9,27.9,4.7,23.2,moderado
Antioquia,2024,10,27.9,4.7,23.2,moderado
Antioquia,2024,11,27.9,4.7,23.2,moderado
Antioquia,2024,12,27.9,4.7,23.2,moderado
Arauca,2024,1,21.8,2.8,19.0,moderado
Arauca,2024,2,21.8,2.8,19.0,moderado
Arauca,2024,3,21.8,2.8,19.0,moderado
Arauca,2024,4,21.8,2.8,19.0,moderado
Arauca,2024,5,21.8,2.8,19.0,moderado
Arauca,2024,6,21.8,2.8,19.0,moderado
Arauca,2024,7,21.8,2.8,19.0,moderado
Arauca,2024,8,21.8,2.8,19.0,moderado
Arauca,2024,9,21.8,2.8,19.0,moderado
Arauca,2024,10,21.8,2.8,19.0,moderado
Arauca,2024,11,21.8,2.8,19.0,moderado
Arauca,2024,12,21.8,2.8,19.0,moderado
Atlántico,2024,1,40.0,9.3,30.7,severo
Atlántico,2024,2,40.0,9.3,30.7,severo
Atlántico,2024,3,40.0,9.3,30.7,severo
Atlántico,2024,4,40.0,9.3,30.7,severo
Atlántico,2024,5,40.0,9.3,30.7,severo
Atlántico,2024,6,40.0,9.3,30.7,severo
Atlántico,2024,7,40.0,9.3,30.7,severo
Atlántico,2024,8,40.0,9.3,30.7,severo
Atlántico,2024,9,40.0,9.3,30.7,severo
Atlántico,2024,10,40.0,9.3,30.7,severo
Atlántico,2024,11,40.0,9.3,30.7,severo
Atlántico,2024,12,40.0,9.3,30.7,severo
Bogotá D.C.,2024,1,13.9,2.8,11.100000000000001,leve
Bogotá D.C.,2024,2,13.9,2.8,11.100000000000001,leve
Bogotá D.C.,2024,3,13.9,2.8,11.100000000000001,leve
Bogotá D.C.,2024,4,13.9,2.8,11.100000000000001,leve
Bogotá D.C.,2024,5,13.9,2.8,11.100000000000001,leve
Bogotá D.C.,2024,6,13.9,2.8,11.100000000000001,leve
Bogotá D.C.,2024,7,13.9,2.8,11.100000000000001,leve
Bogotá D.C.,2024,8,13.9,2.8,11.100000000000001,leve
Bogotá D.C.,2024,9,13.9,2.8,11.100000000000001,leve
Bogotá D.C.,2024,10,13.9,2.8,11.100000000000001,leve
Bogotá D.C.,2024,11,13.9,2.8,11.100000000000001,leve
Bogotá D.C.,2024,12,13.9,2.8,11.100000000000001,leve
Bolívar,2024,1,35.8,6.3,29.499999999999996,moderado
Bolívar,2024,2,35.8,6.3,29.499999999999996,moderado
Bolívar,2024,3,35.8,6.3,29.499999999999996,moderado
Bolívar,2024,4,35.8,6.3,29.499999999999996,moderado
Bolívar,2024,5,35.8,6.3,29.499999999999996,moderado
Bolívar,2024,6,35.8,6.3,29.499999999999996,moderado
Bolívar,2024,7,35.8,6.3,29.499999999999996,moderado
Bolívar,2024,8,35.8,6.3,29.499999999999996,moderado
Bolívar,2024,9,35.8,6.3,29.499999999999996,moderado
Bolívar,2024,10,35.8,6.3,29.499999999999996,moderado
Bolívar,2024,11,35.8,6.3,29.499999999999996,moderado
Bolívar,2024,12,35.8,6.3,29.499999999999996,moderado
Boyacá,2024,1,18.6,2.3,16.3,moderado
Boyacá,2024,2,18.6,2.3,16.3,moderado
Boyacá,2024,3,18.6,2.3,16.3,moderado
Boyacá,2024,4,18.6,2.3,16.3,moderado
Boyacá,2024,5,18.6,2.3,16.3,moderado
Boyacá,2024,6,18.6,2.3,16.3,moderado
Boyacá,2024,7,18.6,2.3,16.3,moderado
Boyacá,2024,8,18.6,2.3,16.3,moderado
Boyacá,2024,9,18.6,2.3,16.3,moderado
Boyacá,2024,10,18.6,2.3,16.3,moderado
Boyacá,2024,11,18.6,2.3,16.3,moderado
Boyacá,2024,12,18.6,2.3,16.3,moderado
Caldas,2024,1,12.8,2.4,10.4,leve
Caldas,2024,2,12.8,2.4,10.4,leve
Caldas,2024,3,12.8,2.4,10.4,leve
Caldas,2024,4,12.8,2.4,10.4,leve
Caldas,2024,5,12.8,2.4,10.4,leve
Caldas,2024,6,12.8,2.4,10.4,leve
Caldas,2024,7,12.8,2.4,10.4,leve
Caldas,2024,8,12.8,2.4,10.4,leve
Caldas,2024,9,12.8,2.4,10.4,leve
Caldas,2024,10,12.8,2.4,10.4,leve
Caldas,2024,11,12.8,2.4,10.4,leve
Caldas,2024,12,12.8,2.4,10.4,leve
Caquetá,2024,1,17.8,0.9,16.900000000000002,moderado
Caquetá,2024,2,17.8,0.9,16.900000000000002,moderado
Caquetá,2024,3,17.8,0.9,16.900000000000002,moderado
Caquetá,2024,4,17.8,0.9,16.900000000000002,moderado
Caquetá,2024,5,17.8,0.9,16.900000000000002,moderado
Caquetá,2024,6,17.8,0.9,16.900000000000002,moderado
Caquetá,2024,7,17.8,0.9,16.900000000000002,moderado
Caquetá,2024,8,17.8,0.9,16.900000000000002,moderado
Caquetá,2024,9,17.8,0.9,16.900000000000002,moderado
Caquetá,2024,10,17.8,0.9,16.900000000000002,moderado
Caquetá,2024,11,17.8,0.9,16.900000000000002,moderado
Caquetá,2024,12,17.8,0.9,16.900000000000002,moderado
Casanare,2024,1,34.4,6.2,28.2,moderado
Casanare,2024,2,34.4,6.2,28.2,moderado
Casanare,2024,3,34.4,6.2,28.2,moderado
Casanare,2024,4,34.4,6.2,28.2,moderado
Casanare,2024,5,34.4,6.2,28.2,moderado
Casanare,2024,6,34.4,6.2,28.2,moderado
Casanare,2024,7,34.4,6.2,28.2,moderado
Casanare,2024,8,34.4,6.2,28.2,moderado
Casanare,2024,9,34.4,6.2,28.2,moderado
Casanare,2024,10,34.4,6.2,28.2,moderado
Casanare,2024,11,34.4,6.2,28.2,moderado
Casanare,2024,12,34.4,6.2,28.2,moderado
Cauca,2024,1,27.8,3.8,24.0,moderado
Cauca,2024,2,27.8,3.8,24.0,moderado
Cauca,2024,3,27.8,3.8,24.0,moderado
Cauca,2024,4,27.8,3.8,24.0,moderado
Cauca,2024,5,27.8,3.8,24.0,moderado
Cauca,2024,6,27.8,3.8,24.0,moderado
Cauca,2024,7,27.8,3.8,24.0,moderado
Cauca,2024,8,27.8,3.8,24.0,moderado
Cauca,2024,9,27.8,3.8,24.0,moderado
Cauca,2024,10,27.8,3.8,24.0,moderado
Cauca,2024,11,27.8,3.8,24.0,moderado
Cauca,2024,12,27.8,3.8,24.0,moderado
Cesar,2024,1,30.3,5.4,24.9,moderado
Cesar,2024,2,30.3,5.4,24.9,moderado
Cesar,2024,3,30.3,5.4,24.9,moderado
Cesar,2024,4,30.3,5.4,24.9,moderado
Cesar,2024,5,30.3,5.4,24.9,moderado
Cesar,2024,6,30.3,5.4,24.9,moderado
Cesar,2024,7,30.3,5.4,24.9,moderado
Cesar,2024,8,30.3,5.4,24.9,moderado
Cesar,2024,9,30.3,5.4,24.9,moderado
Cesar,2024,10,30.3,5.4,24.9,moderado
Cesar,2024,11,30.3,5.4,24.9,moderado
Cesar,2024,12,30.3,5.4,24.9,moderado
Córdoba,2024,1,47.6,9.4,38.2,severo
Córdoba,2024,2,47.6,9.4,38.2,severo
Córdoba,2024,3,47.6,9.4,38.2,severo
Córdoba,2024,4,47.6,9.4,38.2,severo
Córdoba,2024,5,47.6,9.4,38.2,severo
Córdoba,2024,6,47.6,9.4,38.2,severo
Córdoba,2024,7,47.6,9.4,38.2,severo
Córdoba,2024,8,47.6,9.4,38.2,severo
Córdoba,2024,9,47.6,9.4,38.2,severo
Córdoba,2024,10,47.6,9.4,38.2,severo
Córdoba,2024,11,47.6,9.4,38.2,severo
Córdoba,2024,12,47.6,9.4,38.2,severo
Cundinamarca,2024,1,22.6,7.3,15.3,severo
Cundinamarca,2024,2,22.6,7.3,15.3,severo
Cundinamarca,2024,3,22.6,7.3,15.3,severo
Cundinamarca,2024,4,22.6,7.3,15.3,severo
Cundinamarca,2024,5,22.6,7.3,15.3,severo
Cundinamarca,2024,6,22.6,7.3,15.3,severo
Cundinamarca,2024,7,22.6,7.3,15.3,severo
Cundinamarca,2024,8,22.6,7.3,15.3,severo
Cundinamarca,2024,9,22.6,7.3,15.3,severo
Cundinamarca,2024,10,22.6,7.3,15.3,severo
Cundinamarca,2024,11,22.6,7.3,15.3,severo
Cundinamarca,2024,12,22.6,7.3,15.3,severo
Chocó,2024,1,36.3,6.4,29.9,moderado
Chocó,2024,2,36.3,6.4,29.9,moderado
Chocó,2024,3,36.3,6.4,29.9,moderado
Chocó,2024,4,36.3,6.4,29.9,moderado
Chocó,2024,5,36.3,6.4,29.9,moderado
Chocó,2024,6,36.3,6.4,29.9,moderado
Chocó,2024,7,36.3,6.4,29.9,moderado
Chocó,2024,8,36.3,6.4,29.9,moderado
Chocó,2024,9,36.3,6.4,29.9,moderado
Chocó,2024,10,36.3,6.4,29.9,moderado
Chocó,2024,11,36.3,6.4,29.9,moderado
Chocó,2024,12,36.3,6.4,29.9,moderado
Guainía,2024,1,37.5,6.6,30.9,moderado
Guainía,2024,2,37.5,6.6,30.9,moderado
Guainía,2024,3,37.5,6.6,30.9,moderado
Guainía,2024,4,37.5,6.6,30.9,moderado
Guainía,2024,5,37.5,6.6,30.9,moderado
Guainía,2024,6,37.5,6.6,30.9,moderado
Guainía,2024,7,37.5,6.6,30.9,moderado
Guainía,2024,8,37.5,6.6,30.9,moderado
Guainía,2024,9,37.5,6.6,30.9,moderado
Guainía,2024,10,37.5,6.6,30.9,moderado
Guainía,2024,11,37.5,6.6,30.9,moderado
Guainía,2024,12,37.5,6.6,30.9,moderado
Guaviare,2024,1,33.6,7.0,26.6,severo
Guaviare,2024,2,33.6,7.0,26.6,severo
Guaviare,2024,3,33.6,7.0,26.6,severo
Guaviare,2024,4,33.6,7.0,26.6,severo
Guaviare,2024,5,33.6,7.0,26.6,severo
Guaviare,2024,6,33.6,7.0,26.6,severo
Guaviare,2024,7,33.6,7.0,26.6,severo
Guaviare,2024,8,33.6,7.0,26.6,severo
Guaviare,2024,9,33.6,7.0,26.6,severo
Guaviare,2024,10,33.6,7.0,26.6,severo
Guaviare,2024,11,33.6,7.0,26.6,severo
Guaviare,2024,12,33.6,7.0,26.6,severo
Huila,2024,1,17.3,1.3,16.0,moderado
Huila,2024,2,17.3,1.3,16.0,moderado
Huila,2024,3,17.3,1.3,16.0,moderado
Huila,2024,4,17.3,1.3,16.0,moderado
Huila,2024,5,17.3,1.3,16.0,moderado
Huila,2024,6,17.3,1.3,16.0,moderado
Huila,2024,7,17.3,1.3,16.0,moderado
Huila,2024,8,17.3,1.3,16.0,moderado
Huila,2024,9,17.3,1.3,16.0,moderado
Huila,2024,10,17.3,1.3,16.0,moderado
Huila,2024,11,17.3,1.3,16.0,moderado
Huila,2024,12,17.3,1.3,16.0,moderado
La Guajira,2024,1,52.4,15.7,36.7,severo
La Guajira,2024,2,52.4,15.7,36.7,severo
La Guajira,2024,3,52.4,15.7,36.7,severo
La Guajira,2024,4,52.4,15.7,36.7,severo
La Guajira,2024,5,52.4,15.7,36.7,severo
La Guajira,2024,6,52.4,15.7,36.7,severo
La Guajira,2024,7,52.4,15.7,36.7,severo
La Guajira,2024,8,52.4,15.7,36.7,severo
La Guajira,2024,9,52.4,15.7,36.7,severo
La Guajira,2024,10,52.4,15.7,36.7,severo
La Guajira,2024,11,52.4,15.7,36.7,severo
La Guajira,2024,12,52.4,15.7,36.7,severo
Magdalena,2024,1,32.1,5.8,26.3,moderado
Magdalena,2024,2,32.1,5.8,26.3,moderado
Magdalena,2024,3,32.1,5.8,26.3,moderado
Magdalena,2024,4,32.1,5.8,26.3,moderado
Magdalena,2024,5,32.1,5.8,26.3,moderado
Magdalena,2024,6,32.1,5.8,26.3,moderado
Magdalena,2024,7,32.1,5.8,26.3,moderado
Magdalena,2024,8,32.1,5.8,26.3,moderado
Magdalena,2024,9,32.1,5.8,26.3,moderado
Magdalena,2024,10,32.1,5.8,26.3,moderado
Magdalena,2024,11,32.1,5.8,26.3,moderado
Magdalena,2024,12,32.1,5.8,26.3,moderado
Meta,2024,1,18.2,2.4,15.799999999999999,moderado
Meta,2024,2,18.2,2.4,15.799999999999999,moderado
Meta,2024,3,18.2,2.4,15.799999999999999,moderado
Meta,2024,4,18.2,2.4,15.799999999999999,moderado
Meta,2024,5,18.2,2.4,15.799999999999999,moderado
Meta,2024,6,18.2,2.4,15.799999999999999,moderado
Meta,2024,7,18.2,2.4,15.799999999999999,moderado
Meta,2024,8,18.2,2.4,15.799999999999999,moderado
Meta,2024,9,18.2,2.4,15.799999999999999,moderado
Meta,2024,10,18.2,2.4,15.799999999999999,moderado
Meta,2024,11,18.2,2.4,15.799999999999999,moderado
Meta,2024,12,18.2,2.4,15.799999999999999,moderado
Nariño,2024,1,37.2,7.6,29.6,severo
Nariño,2024,2,37.2,7.6,29.6,severo
Nariño,2024,3,37.2,7.6,29.6,severo
Nariño,2024,4,37.2,7.6,29.6,severo
Nariño,2024,5,37.2,7.6,29.6,severo
Nariño,2024,6,37.2,7.6,29.6,severo
Nariño,2024,7,37.2,7.6,29.6,severo
Nariño,2024,8,37.2,7.6,29.6,severo
Nariño,2024,9,37.2,7.6,29.6,severo
Nariño,2024,10,37.2,7.6,29.6,severo
Nariño,2024,11,37.2,7.6,29.6,severo
Nariño,2024,12,37.2,7.6,29.6,severo
Norte de Santander,2024,1,24.8,5.6,19.200000000000003,moderado
Norte de Santander,2024,2,24.8,5.6,19.200000000000003,moderado
Norte de Santander,2024,3,24.8,5.6,19.200000000000003,moderado
Norte de Santander,2024,4,24.8,5.6,19.200000000000003,moderado
Norte de Santander,2024,5,24.8,5.6,19.200000000000003,moderado
Norte de Santander,2024,6,24.8,5.6,19.200000000000003,moderado
Norte de Santander,2024,7,24.8,5.6,19.200000000000003,moderado
Norte de Santander,2024,8,24.8,5.6,19.200000000000003,moderado
Norte de Santander,2024,9,24.8,5.6,19.200000000000003,moderado
Norte de Santander,2024,10,24.8,5.6,19.200000000000003,moderado
Norte de Santander,2024,11,24.8,5.6,19.200000000000003,moderado
Norte de Santander,2024,12,24.8,5.6,19.200000000000003,moderado
Putumayo,2024,1,28.0,2.4,25.6,moderado
Putumayo,2024,2,28.0,2.4,25.6,moderado
Putumayo,2024,3,28.0,2.4,25.6,moderado
Putumayo,2024,4,28.0,2.4,25.6,moderado
Putumayo,2024,5,28.0,2.4,25.6,moderado
Putumayo,2024,6,28.0,2.4,25.6,moderado
Putumayo,2024,7,28.0,2.4,25.6,moderado
Putumayo,2024,8,28.0,2.4,25.6,moderado
Putumayo,2024,9,28.0,2.4,25.6,moderado
Putumayo,2024,10,28.0,2.4,25.6,moderado
Putumayo,2024,11,28.0,2.4,25.6,moderado
Putumayo,2024,12,28.0,2.4,25.6,moderado
Quindío,2024,1,20.0,3.7,16.3,moderado
Quindío,2024,2,20.0,3.7,16.3,moderado
Quindío,2024,3,20.0,3.7,16.3,moderado
Quindío,2024,4,20.0,3.7,16.3,moderado
Quindío,2024,5,20.0,3.7,16.3,moderado
Quindío,2024,6,20.0,3.7,16.3,moderado
Quindío,2024,7,20.0,3.7,16.3,moderado
Quindío,2024,8,20.0,3.7,16.3,moderado
Quindío,2024,9,20.0,3.7,16.3,moderado
Quindío,2024,10,20.0,3.7,16.3,moderado
Quindío,2024,11,20.0,3.7,16.3,moderado
Quindío,2024,12,20.0,3.7,16.3,moderado
Risaralda,2024,1,20.5,3.8,16.7,moderado
Risaralda,2024,2,20.5,3.8,16.7,moderado
Risaralda,2024,3,20.5,3.8,16.7,moderado
Risaralda,2024,4,20.5,3.8,16.7,moderado
Risaralda,2024,5,20.5,3.8,16.7,moderado
Risaralda,2024,6,20.5,3.8,16.7,moderado
Risaralda,2024,7,20.5,3.8,16.7,moderado
Risaralda,2024,8,20.5,3.8,16.7,moderado
Risaralda,2024,9,20.5,3.8,16.7,moderado
Risaralda,2024,10,20.5,3.8,16.7,moderado
Risaralda,2024,11,20.5,3.8,16.7,moderado
Risaralda,2024,12,20.5,3.8,16.7,moderado
Santander,2024,1,16.2,2.2,14.0,moderado
Santander,2024,2,16.2,2.2,14.0,moderado
Santander,2024,3,16.2,2.2,14.0,moderado
Santander,2024,4,16.2,2.2,14.0,moderado
Santander,2024,5,16.2,2.2,14.0,moderado
Santander,2024,6,16.2,2.2,14.0,moderado
Santander,2024,7,16.2,2.2,14.0,moderado
Santander,2024,8,16.2,2.2,14.0,moderado
Santander,2024,9,16.2,2.2,14.0,moderado
Santander,2024,10,16.2,2.2,14.0,moderado
Santander,2024,11,16.2,2.2,14.0,moderado
Santander,2024,12,16.2,2.2,14.0,moderado
Sucre,2024,1,49.5,11.9,37.6,severo
Sucre,2024,2,49.5,11.9,37.6,severo
Sucre,2024,3,49.5,11.9,37.6,severo
Sucre,2024,4,49.5,11.9,37.6,severo
Sucre,2024,5,49.5,11.9,37.6,severo
Sucre,2024,6,49.5,11.9,37.6,severo
Sucre,2024,7,49.5,11.9,37.6,severo
Sucre,2024,8,49.5,11.9,37.6,severo
Sucre,2024,9,49.5,11.9,37.6,severo
Sucre,2024,10,49.5,11.9,37.6,severo
Sucre,2024,11,49.5,11.9,37.6,severo
Sucre,2024,12,49.5,11.9,37.6,severo
Tolima,2024,1,25.6,3.1,22.5,moderado
Tolima,2024,2,25.6,3.1,22.5,moderado
Tolima,2024,3,25.6,3.1,22.5,moderado
Tolima,2024,4,25.6,3.1,22.5,moderado
Tolima,2024,5,25.6,3.1,22.5,moderado
Tolima,2024,6,25.6,3.1,22.5,moderado
Tolima,2024,7,25.6,3.1,22.5,moderado
Tolima,2024,8,25.6,3.1,22.5,moderado
Tolima,2024,9,25.6,3.1,22.5,moderado
Tolima,2024,10,25.6,3.1,22.5,moderado
Tolima,2024,11,25.6,3.1,22.5,moderado
Tolima,2024,12,25.6,3.1,22.5,moderado
Valle,2024,1,20.7,4.4,16.299999999999997,moderado
Valle,2024,2,20.7,4.4,16.299999999999997,moderado
Valle,2024,3,20.7,4.4,16.299999999999997,moderado
Valle,2024,4,20.7,4.4,16.299999999999997,moderado
Valle,2024,5,20.7,4.4,16.299999999999997,moderado
Valle,2024,6,20.7,4.4,16.299999999999997,moderado
Valle,2024,7,20.7,4.4,16.299999999999997,moderado
Valle,2024,8,20.7,4.4,16.299999999999997,moderado
Valle,2024,9,20.7,4.4,16.299999999999997,moderado
Valle,2024,10,20.7,4.4,16.299999999999997,moderado
Valle,2024,11,20.7,4.4,16.299999999999997,moderado
Valle,2024,12,20.7,4.4,16.299999999999997,moderado
Vaupés,2024,1,46.1,6.8,39.300000000000004,moderado
Vaupés,2024,2,46.1,6.8,39.300000000000004,moderado
Vaupés,2024,3,46.1,6.8,39.300000000000004,moderado
Vaupés,2024,4,46.1,6.8,39.300000000000004,moderado
Vaupés,2024,5,46.1,6.8,39.300000000000004,moderado
Vaupés,2024,6,46.1,6.8,39.300000000000004,moderado
Vaupés,2024,7,46.1,6.8,39.300000000000004,moderado
Vaupés,2024,8,46.1,6.8,39.300000000000004,moderado
Vaupés,2024,9,46.1,6.8,39.300000000000004,moderado
Vaupés,2024,10,46.1,6.8,39.300000000000004,moderado
Vaupés,2024,11,46.1,6.8,39.300000000000004,moderado
Vaupés,2024,12,46.1,6.8,39.300000000000004,moderado
Vichada,2024,1,42.5,2.7,39.8,moderado
Vichada,2024,2,42.5,2.7,39.8,moderado
Vichada,2024,3,42.5,2.7,39.8,moderado
Vichada,2024,4,42.5,2.7,39.8,moderado
Vichada,2024,5,42.5,2.7,39.8,moderado
Vichada,2024,6,42.5,2.7,39.8,moderado
Vichada,2024,7,42.5,2.7,39.8,moderado
Vichada,2024,8,42.5,2.7,39.8,moderado
Vichada,2024,9,42.5,2.7,39.8,moderado
Vichada,2024,10,42.5,2.7,39.8,moderado
Vichada,2024,11,42.5,2.7,39.8,moderado
Vichada,2024,12,42.5,2.7,39.8,moderado
