fecha,año,mes,mes_nombre,Departamento,IPM_Total,IPM_Cabeceras,IPM_Centros_Poblados
2022-01-01,2022,1,January,Amazonas,27.9,23.5,32.3
2022-02-01,2022,2,February,Amazonas,27.9,23.5,32.3
2022-03-01,2022,3,March,Amazonas,27.9,23.5,32.3
2022-04-01,2022,4,April,Amazonas,27.9,23.5,32.3
2022-05-01,2022,5,May,Amazonas,27.9,23.5,32.3
2022-06-01,2022,6,June,Amazonas,27.9,23.5,32.3
2022-07-01,2022,7,July,Amazonas,27.9,23.5,32.3
2022-08-01,2022,8,August,Amazonas,27.9,23.5,32.3
2022-09-01,2022,9,September,Amazonas,27.9,23.5,32.3
2022-10-01,2022,10,October,Amazonas,27.9,23.5,32.3
2022-11-01,2022,11,November,Amazonas,27.9,23.5,32.3
2022-12-01,2022,12,December,Amazonas,27.9,23.5,32.3
2023-01-01,2023,1,January,Amazonas,25.4,18.6,32.6
2023-02-01,2023,2,February,Amazonas,25.4,18.6,32.6
2023-03-01,2023,3,March,Amazonas,25.4,18.6,32.6
2023-04-01,2023,4,April,Amazonas,25.4,18.6,32.6
2023-05-01,2023,5,May,Amazonas,25.4,18.6,32.6
2023-06-01,2023,6,June,Amazonas,25.4,18.6,32.6
2023-07-01,2023,7,July,Amazonas,25.4,18.6,32.6
2023-08-01,2023,8,August,Amazonas,25.4,18.6,32.6
2023-09-01,2023,9,September,Amazonas,25.4,18.6,32.6
2023-10-01,2023,10,October,Amazonas,25.4,18.6,32.6
2023-11-01,2023,11,November,Amazonas,25.4,18.6,32.6
2023-12-01,2023,12,December,Amazonas,25.4,18.6,32.6
2024-01-01,2024,1,January,Amazonas,15.6,13.8,17.6
2024-02-01,2024,2,February,Amazonas,15.6,13.8,17.6
2024-03-01,2024,3,March,Amazonas,15.6,13.8,17.6
2024-04-01,2024,4,April,Amazonas,15.6,13.8,17.6
2024-05-01,2024,5,May,Amazonas,15.6,13.8,17.6
2024-06-01,2024,6,June,Amazonas,15.6,13.8,17.6
2024-07-01,2024,7,July,Amazonas,15.6,13.8,17.6
2024-08-01,2024,8,August,Amazonas,15.6,13.8,17.6
2024-09-01,2024,9,September,Amazonas,15.6,13.8,17.6
2024-10-01,2024,10,October,Amazonas,15.6,13.8,17.6
2024-11-01,2024,11,November,Amazonas,15.6,13.8,17.6
2024-12-01,2024,12,December,Amazonas,15.6,13.8,17.6
2022-01-01,2022,1,January,Antioquia,10.7,7.0,25.8
2022-02-01,2022,2,February,Antioquia,10.7,7.0,25.8
2022-03-01,2022,3,March,Antioquia,10.7,7.0,25.8
2022-04-01,2022,4,April,Antioquia,10.7,7.0,25.8
2022-05-01,2022,5,May,Antioquia,10.7,7.0,25.8
2022-06-01,2022,6,June,Antioquia,10.7,7.0,25.8
2022-07-01,2022,7,July,Antioquia,10.7,7.0,25.8
2022-08-01,2022,8,August,Antioquia,10.7,7.0,25.8
2022-09-01,2022,9,September,Antioquia,10.7,7.0,25.8
2022-10-01,2022,10,October,Antioquia,10.7,7.0,25.8
2022-11-01,2022,11,November,Antioquia,10.7,7.0,25.8
2022-12-01,2022,12,December,Antioquia,10.7,7.0,25.8
2023-01-01,2023,1,January,Antioquia,9.5,5.9,24.2
2023-02-01,2023,2,February,Antioquia,9.5,5.9,24.2
2023-03-01,2023,3,March,Antioquia,9.5,5.9,24.2
2023-04-01,2023,4,April,Antioquia,9.5,5.9,24.2
2023-05-01,2023,5,May,Antioquia,9.5,5.9,24.2
2023-06-01,2023,6,June,Antioquia,9.5,5.9,24.2
2023-07-01,2023,7,July,Antioquia,9.5,5.9,24.2
2023-08-01,2023,8,August,Antioquia,9.5,5.9,24.2
2023-09-01,2023,9,September,Antioquia,9.5,5.9,24.2
2023-10-01,2023,10,October,Antioquia,9.5,5.9,24.2
2023-11-01,2023,11,November,Antioquia,9.5,5.9,24.2
2023-12-01,2023,12,December,Antioquia,9.5,5.9,24.2
2024-01-01,2024,1,January,Antioquia,10.9,8.4,21.2
2024-02-01,2024,2,February,Antioquia,10.9,8.4,21.2
2024-03-01,2024,3,March,Antioquia,10.9,8.4,21.2
2024-04-01,2024,4,April,Antioquia,10.9,8.4,21.2
2024-05-01,2024,5,May,Antioquia,10.9,8.4,21.2
2024-06-01,2024,6,June,Antioquia,10.9,8.4,21.2
2024-07-01,2024,7,July,Antioquia,10.9,8.4,21.2
2024-08-01,2024,8,August,Antioquia,10.9,8.4,21.2
2024-09-01,2024,9,September,Antioquia,10.9,8.4,21.2
2024-10-01,2024,10,October,Antioquia,10.9,8.4,21.2
2024-11-01,2024,11,November,Antioquia,10.9,8.4,21.2
2024-12-01,2024,12,December,Antioquia,10.9,8.4,21.2
2022-01-01,2022,1,January,Arauca,22.6,22.4,22.9
2022-02-01,2022,2,February,Arauca,22.6,22.4,22.9
2022-03-01,2022,3,March,Arauca,22.6,22.4,22.9
2022-04-01,2022,4,April,Arauca,22.6,22.4,22.9
2022-05-01,2022,5,May,Arauca,22.6,22.4,22.9
2022-06-01,2022,6,June,Arauca,22.6,22.4,22.9
2022-07-01,2022,7,July,Arauca,22.6,22.4,22.9
2022-08-01,2022,8,August,Arauca,22.6,22.4,22.9
2022-09-01,2022,9,September,Arauca,22.6,22.4,22.9
2022-10-01,2022,10,October,Arauca,22.6,22.4,22.9
2022-11-01,2022,11,November,Arauca,22.6,22.4,22.9
2022-12-01,2022,12,December,Arauca,22.6,22.4,22.9
2023-01-01,2023,1,January,Arauca,22.8,20.7,26.6
2023-02-01,2023,2,February,Arauca,22.8,20.7,26.6
2023-03-01,2023,3,March,Arauca,22.8,20.7,26.6
2023-04-01,2023,4,April,Arauca,22.8,20.7,26.6
2023-05-01,2023,5,May,Arauca,22.8,20.7,26.6
2023-06-01,2023,6,June,Arauca,22.8,20.7,26.6
2023-07-01,2023,7,July,Arauca,22.8,20.7,26.6
2023-08-01,2023,8,August,Arauca,22.8,20.7,26.6
2023-09-01,2023,9,September,Arauca,22.8,20.7,26.6
2023-10-01,2023,10,October,Arauca,22.8,20.7,26.6
2023-11-01,2023,11,November,Arauca,22.8,20.7,26.6
2023-12-01,2023,12,December,Arauca,22.8,20.7,26.6
2024-01-01,2024,1,January,Arauca,17.7,17.4,18.3
2024-02-01,2024,2,February,Arauca,17.7,17.4,18.3
2024-03-01,2024,3,March,Arauca,17.7,17.4,18.3
2024-04-01,2024,4,April,Arauca,17.7,17.4,18.3
2024-05-01,2024,5,May,Arauca,17.7,17.4,18.3
2024-06-01,2024,6,June,Arauca,17.7,17.4,18.3
2024-07-01,2024,7,July,Arauca,17.7,17.4,18.3
2024-08-01,2024,8,August,Arauca,17.7,17.4,18.3
2024-09-01,2024,9,September,Arauca,17.7,17.4,18.3
2024-10-01,2024,10,October,Arauca,17.7,17.4,18.3
2024-11-01,2024,11,November,Arauca,17.7,17.4,18.3
2024-12-01,2024,12,December,Arauca,17.7,17.4,18.3
2022-01-01,2022,1,January,Atlántico,10.2,9.4,25.0
2022-02-01,2022,2,February,Atlántico,10.2,9.4,25.0
2022-03-01,2022,3,March,Atlántico,10.2,9.4,25.0
2022-04-01,2022,4,April,Atlántico,10.2,9.4,25.0
2022-05-01,2022,5,May,Atlántico,10.2,9.4,25.0
2022-06-01,2022,6,June,Atlántico,10.2,9.4,25.0
2022-07-01,2022,7,July,Atlántico,10.2,9.4,25.0
2022-08-01,2022,8,August,Atlántico,10.2,9.4,25.0
2022-09-01,2022,9,September,Atlántico,10.2,9.4,25.0
2022-10-01,2022,10,October,Atlántico,10.2,9.4,25.0
2022-11-01,2022,11,November,Atlántico,10.2,9.4,25.0
2022-12-01,2022,12,December,Atlántico,10.2,9.4,25.0
2023-01-01,2023,1,January,Atlántico,12.0,11.3,25.7
2023-02-01,2023,2,February,Atlántico,12.0,11.3,25.7
2023-03-01,2023,3,March,Atlántico,12.0,11.3,25.7
2023-04-01,2023,4,April,Atlántico,12.0,11.3,25.7
2023-05-01,2023,5,May,Atlántico,12.0,11.3,25.7
2023-06-01,2023,6,June,Atlántico,12.0,11.3,25.7
2023-07-01,2023,7,July,Atlántico,12.0,11.3,25.7
2023-08-01,2023,8,August,Atlántico,12.0,11.3,25.7
2023-09-01,2023,9,September,Atlántico,12.0,11.3,25.7
2023-10-01,2023,10,October,Atlántico,12.0,11.3,25.7
2023-11-01,2023,11,November,Atlántico,12.0,11.3,25.7
2023-12-01,2023,12,December,Atlántico,12.0,11.3,25.7
2024-01-01,2024,1,January,Atlántico,9.5,8.6,26.4
2024-02-01,2024,2,February,Atlántico,9.5,8.6,26.4
2024-03-01,2024,3,March,Atlántico,9.5,8.6,26.4
2024-04-01,2024,4,April,Atlántico,9.5,8.6,26.4
2024-05-01,2024,5,May,Atlántico,9.5,8.6,26.4
2024-06-01,2024,6,June,Atlántico,9.5,8.6,26.4
2024-07-01,2024,7,July,Atlántico,9.5,8.6,26.4
2024-08-01,2024,8,August,Atlántico,9.5,8.6,26.4
2024-09-01,2024,9,September,Atlántico,9.5,8.6,26.4
2024-10-01,2024,10,October,Atlántico,9.5,8.6,26.4
2024-11-01,2024,11,November,Atlántico,9.5,8.6,26.4
2024-12-01,2024,12,December,Atlántico,9.5,8.6,26.4
2022-01-01,2022,1,January,Bogotá D.C.,3.8,3.8,10.1
2022-02-01,2022,2,February,Bogotá D.C.,3.8,3.8,10.1
2022-03-01,2022,3,March,Bogotá D.C.,3.8,3.8,10.1
2022-04-01,2022,4,April,Bogotá D.C.,3.8,3.8,10.1
2022-05-01,2022,5,May,Bogotá D.C.,3.8,3.8,10.1
2022-06-01,2022,6,June,Bogotá D.C.,3.8,3.8,10.1
2022-07-01,2022,7,July,Bogotá D.C.,3.8,3.8,10.1
2022-08-01,2022,8,August,Bogotá D.C.,3.8,3.8,10.1
2022-09-01,2022,9,September,Bogotá D.C.,3.8,3.8,10.1
2022-10-01,2022,10,October,Bogotá D.C.,3.8,3.8,10.1
2022-11-01,2022,11,November,Bogotá D.C.,3.8,3.8,10.1
2022-12-01,2022,12,December,Bogotá D.C.,3.8,3.8,10.1
2023-01-01,2023,1,January,Bogotá D.C.,3.6,3.6,11.7
2023-02-01,2023,2,February,Bogotá D.C.,3.6,3.6,11.7
2023-03-01,2023,3,March,Bogotá D.C.,3.6,3.6,11.7
2023-04-01,2023,4,April,Bogotá D.C.,3.6,3.6,11.7
2023-05-01,2023,5,May,Bogotá D.C.,3.6,3.6,11.7
2023-06-01,2023,6,June,Bogotá D.C.,3.6,3.6,11.7
2023-07-01,2023,7,July,Bogotá D.C.,3.6,3.6,11.7
2023-08-01,2023,8,August,Bogotá D.C.,3.6,3.6,11.7
2023-09-01,2023,9,September,Bogotá D.C.,3.6,3.6,11.7
2023-10-01,2023,10,October,Bogotá D.C.,3.6,3.6,11.7
2023-11-01,2023,11,November,Bogotá D.C.,3.6,3.6,11.7
2023-12-01,2023,12,December,Bogotá D.C.,3.6,3.6,11.7
2024-01-01,2024,1,January,Bogotá D.C.,5.4,5.4,10.8
2024-02-01,2024,2,February,Bogotá D.C.,5.4,5.4,10.8
2024-03-01,2024,3,March,Bogotá D.C.,5.4,5.4,10.8
2024-04-01,2024,4,April,Bogotá D.C.,5.4,5.4,10.8
2024-05-01,2024,5,May,Bogotá D.C.,5.4,5.4,10.8
2024-06-01,2024,6,June,Bogotá D.C.,5.4,5.4,10.8
2024-07-01,2024,7,July,Bogotá D.C.,5.4,5.4,10.8
2024-08-01,2024,8,August,Bogotá D.C.,5.4,5.4,10.8
2024-09-01,2024,9,September,Bogotá D.C.,5.4,5.4,10.8
2024-10-01,2024,10,October,Bogotá D.C.,5.4,5.4,10.8
2024-11-01,2024,11,November,Bogotá D.C.,5.4,5.4,10.8
2024-12-01,2024,12,December,Bogotá D.C.,5.4,5.4,10.8
2022-01-01,2022,1,January,Bolívar,19.4,13.9,34.6
2022-02-01,2022,2,February,Bolívar,19.4,13.9,34.6
2022-03-01,2022,3,March,Bolívar,19.4,13.9,34.6
2022-04-01,2022,4,April,Bolívar,19.4,13.9,34.6
2022-05-01,2022,5,May,Bolívar,19.4,13.9,34.6
2022-06-01,2022,6,June,Bolívar,19.4,13.9,34.6
2022-07-01,2022,7,July,Bolívar,19.4,13.9,34.6
2022-08-01,2022,8,August,Bolívar,19.4,13.9,34.6
2022-09-01,2022,9,September,Bolívar,19.4,13.9,34.6
2022-10-01,2022,10,October,Bolívar,19.4,13.9,34.6
2022-11-01,2022,11,November,Bolívar,19.4,13.9,34.6
2022-12-01,2022,12,December,Bolívar,19.4,13.9,34.6
2023-01-01,2023,1,January,Bolívar,18.4,14.9,28.0
2023-02-01,2023,2,February,Bolívar,18.4,14.9,28.0
2023-03-01,2023,3,March,Bolívar,18.4,14.9,28.0
2023-04-01,2023,4,April,Bolívar,18.4,14.9,28.0
2023-05-01,2023,5,May,Bolívar,18.4,14.9,28.0
2023-06-01,2023,6,June,Bolívar,18.4,14.9,28.0
2023-07-01,2023,7,July,Bolívar,18.4,14.9,28.0
2023-08-01,2023,8,August,Bolívar,18.4,14.9,28.0
2023-09-01,2023,9,September,Bolívar,18.4,14.9,28.0
2023-10-01,2023,10,October,Bolívar,18.4,14.9,28.0
2023-11-01,2023,11,November,Bolívar,18.4,14.9,28.0
2023-12-01,2023,12,December,Bolívar,18.4,14.9,28.0
2024-01-01,2024,1,January,Bolívar,15.6,13.5,21.5
2024-02-01,2024,2,February,Bolívar,15.6,13.5,21.5
2024-03-01,2024,3,March,Bolívar,15.6,13.5,21.5
2024-04-01,2024,4,April,Bolívar,15.6,13.5,21.5
2024-05-01,2024,5,May,Bolívar,15.6,13.5,21.5
2024-06-01,2024,6,June,Bolívar,15.6,13.5,21.5
2024-07-01,2024,7,July,Bolívar,15.6,13.5,21.5
2024-08-01,2024,8,August,Bolívar,15.6,13.5,21.5
2024-09-01,2024,9,September,Bolívar,15.6,13.5,21.5
2024-10-01,2024,10,October,Bolívar,15.6,13.5,21.5
2024-11-01,2024,11,November,Bolívar,15.6,13.5,21.5
2024-12-01,2024,12,December,Bolívar,15.6,13.5,21.5
2022-01-01,2022,1,January,Boyacá,9.6,6.1,15.1
2022-02-01,2022,2,February,Boyacá,9.6,6.1,15.1
2022-03-01,2022,3,March,Boyacá,9.6,6.1,15.1
2022-04-01,2022,4,April,Boyacá,9.6,6.1,15.1
2022-05-01,2022,5,May,Boyacá,9.6,6.1,15.1
2022-06-01,2022,6,June,Boyacá,9.6,6.1,15.1
2022-07-01,2022,7,July,Boyacá,9.6,6.1,15.1
2022-08-01,2022,8,August,Boyacá,9.6,6.1,15.1
2022-09-01,2022,9,September,Boyacá,9.6,6.1,15.1
2022-10-01,2022,10,October,Boyacá,9.6,6.1,15.1
2022-11-01,2022,11,November,Boyacá,9.6,6.1,15.1
2022-12-01,2022,12,December,Boyacá,9.6,6.1,15.1
2023-01-01,2023,1,January,Boyacá,9.9,5.4,17.0
2023-02-01,2023,2,February,Boyacá,9.9,5.4,17.0
2023-03-01,2023,3,March,Boyacá,9.9,5.4,17.0
2023-04-01,2023,4,April,Boyacá,9.9,5.4,17.0
2023-05-01,2023,5,May,Boyacá,9.9,5.4,17.0
2023-06-01,2023,6,June,Boyacá,9.9,5.4,17.0
2023-07-01,2023,7,July,Boyacá,9.9,5.4,17.0
2023-08-01,2023,8,August,Boyacá,9.9,5.4,17.0
2023-09-01,2023,9,September,Boyacá,9.9,5.4,17.0
2023-10-01,2023,10,October,Boyacá,9.9,5.4,17.0
2023-11-01,2023,11,November,Boyacá,9.9,5.4,17.0
2023-12-01,2023,12,December,Boyacá,9.9,5.4,17.0
2024-01-01,2024,1,January,Boyacá,6.9,3.7,12.1
2024-02-01,2024,2,February,Boyacá,6.9,3.7,12.1
2024-03-01,2024,3,March,Boyacá,6.9,3.7,12.1
2024-04-01,2024,4,April,Boyacá,6.9,3.7,12.1
2024-05-01,2024,5,May,Boyacá,6.9,3.7,12.1
2024-06-01,2024,6,June,Boyacá,6.9,3.7,12.1
2024-07-01,2024,7,July,Boyacá,6.9,3.7,12.1
2024-08-01,2024,8,August,Boyacá,6.9,3.7,12.1
2024-09-01,2024,9,September,Boyacá,6.9,3.7,12.1
2024-10-01,2024,10,October,Boyacá,6.9,3.7,12.1
2024-11-01,2024,11,November,Boyacá,6.9,3.7,12.1
2024-12-01,2024,12,December,Boyacá,6.9,3.7,12.1
2022-01-01,2022,1,January,Caldas,10.5,7.8,19.5
2022-02-01,2022,2,February,Caldas,10.5,7.8,19.5
2022-03-01,2022,3,March,Caldas,10.5,7.8,19.5
2022-04-01,2022,4,April,Caldas,10.5,7.8,19.5
2022-05-01,2022,5,May,Caldas,10.5,7.8,19.5
2022-06-01,2022,6,June,Caldas,10.5,7.8,19.5
2022-07-01,2022,7,July,Caldas,10.5,7.8,19.5
2022-08-01,2022,8,August,Caldas,10.5,7.8,19.5
2022-09-01,2022,9,September,Caldas,10.5,7.8,19.5
2022-10-01,2022,10,October,Caldas,10.5,7.8,19.5
2022-11-01,2022,11,November,Caldas,10.5,7.8,19.5
2022-12-01,2022,12,December,Caldas,10.5,7.8,19.5
2023-01-01,2023,1,January,Caldas,7.4,4.8,16.3
2023-02-01,2023,2,February,Caldas,7.4,4.8,16.3
2023-03-01,2023,3,March,Caldas,7.4,4.8,16.3
2023-04-01,2023,4,April,Caldas,7.4,4.8,16.3
2023-05-01,2023,5,May,Caldas,7.4,4.8,16.3
2023-06-01,2023,6,June,Caldas,7.4,4.8,16.3
2023-07-01,2023,7,July,Caldas,7.4,4.8,16.3
2023-08-01,2023,8,August,Caldas,7.4,4.8,16.3
2023-09-01,2023,9,September,Caldas,7.4,4.8,16.3
2023-10-01,2023,10,October,Caldas,7.4,4.8,16.3
2023-11-01,2023,11,November,Caldas,7.4,4.8,16.3
2023-12-01,2023,12,December,Caldas,7.4,4.8,16.3
2024-01-01,2024,1,January,Caldas,9.2,6.0,20.3
2024-02-01,2024,2,February,Caldas,9.2,6.0,20.3
2024-03-01,2024,3,March,Caldas,9.2,6.0,20.3
2024-04-01,2024,4,April,Caldas,9.2,6.0,20.3
2024-05-01,2024,5,May,Caldas,9.2,6.0,20.3
2024-06-01,2024,6,June,Caldas,9.2,6.0,20.3
2024-07-01,2024,7,July,Caldas,9.2,6.0,20.3
2024-08-01,2024,8,August,Caldas,9.2,6.0,20.3
2024-09-01,2024,9,September,Caldas,9.2,6.0,20.3
2024-10-01,2024,10,October,Caldas,9.2,6.0,20.3
2024-11-01,2024,11,November,Caldas,9.2,6.0,20.3
2024-12-01,2024,12,December,Caldas,9.2,6.0,20.3
2022-01-01,2022,1,January,Caquetá,19.6,16.4,25.6
2022-02-01,2022,2,February,Caquetá,19.6,16.4,25.6
2022-03-01,2022,3,March,Caquetá,19.6,16.4,25.6
2022-04-01,2022,4,April,Caquetá,19.6,16.4,25.6
2022-05-01,2022,5,May,Caquetá,19.6,16.4,25.6
2022-06-01,2022,6,June,Caquetá,19.6,16.4,25.6
2022-07-01,2022,7,July,Caquetá,19.6,16.4,25.6
2022-08-01,2022,8,August,Caquetá,19.6,16.4,25.6
2022-09-01,2022,9,September,Caquetá,19.6,16.4,25.6
2022-10-01,2022,10,October,Caquetá,19.6,16.4,25.6
2022-11-01,2022,11,November,Caquetá,19.6,16.4,25.6
2022-12-01,2022,12,December,Caquetá,19.6,16.4,25.6
2023-01-01,2023,1,January,Caquetá,17.2,11.3,28.6
2023-02-01,2023,2,February,Caquetá,17.2,11.3,28.6
2023-03-01,2023,3,March,Caquetá,17.2,11.3,28.6
2023-04-01,2023,4,April,Caquetá,17.2,11.3,28.6
2023-05-01,2023,5,May,Caquetá,17.2,11.3,28.6
2023-06-01,2023,6,June,Caquetá,17.2,11.3,28.6
2023-07-01,2023,7,July,Caquetá,17.2,11.3,28.6
2023-08-01,2023,8,August,Caquetá,17.2,11.3,28.6
2023-09-01,2023,9,September,Caquetá,17.2,11.3,28.6
2023-10-01,2023,10,October,Caquetá,17.2,11.3,28.6
2023-11-01,2023,11,November,Caquetá,17.2,11.3,28.6
2023-12-01,2023,12,December,Caquetá,17.2,11.3,28.6
2024-01-01,2024,1,January,Caquetá,13.9,8.6,24.2
2024-02-01,2024,2,February,Caquetá,13.9,8.6,24.2
2024-03-01,2024,3,March,Caquetá,13.9,8.6,24.2
2024-04-01,2024,4,April,Caquetá,13.9,8.6,24.2
2024-05-01,2024,5,May,Caquetá,13.9,8.6,24.2
2024-06-01,2024,6,June,Caquetá,13.9,8.6,24.2
2024-07-01,2024,7,July,Caquetá,13.9,8.6,24.2
2024-08-01,2024,8,August,Caquetá,13.9,8.6,24.2
2024-09-01,2024,9,September,Caquetá,13.9,8.6,24.2
2024-10-01,2024,10,October,Caquetá,13.9,8.6,24.2
2024-11-01,2024,11,November,Caquetá,13.9,8.6,24.2
2024-12-01,2024,12,December,Caquetá,13.9,8.6,24.2
2022-01-01,2022,1,January,Casanare,13.3,10.7,20.0
2022-02-01,2022,2,February,Casanare,13.3,10.7,20.0
2022-03-01,2022,3,March,Casanare,13.3,10.7,20.0
2022-04-01,2022,4,April,Casanare,13.3,10.7,20.0
2022-05-01,2022,5,May,Casanare,13.3,10.7,20.0
2022-06-01,2022,6,June,Casanare,13.3,10.7,20.0
2022-07-01,2022,7,July,Casanare,13.3,10.7,20.0
2022-08-01,2022,8,August,Casanare,13.3,10.7,20.0
2022-09-01,2022,9,September,Casanare,13.3,10.7,20.0
2022-10-01,2022,10,October,Casanare,13.3,10.7,20.0
2022-11-01,2022,11,November,Casanare,13.3,10.7,20.0
2022-12-01,2022,12,December,Casanare,13.3,10.7,20.0
2023-01-01,2023,1,January,Casanare,15.0,12.5,21.4
2023-02-01,2023,2,February,Casanare,15.0,12.5,21.4
2023-03-01,2023,3,March,Casanare,15.0,12.5,21.4
2023-04-01,2023,4,April,Casanare,15.0,12.5,21.4
2023-05-01,2023,5,May,Casanare,15.0,12.5,21.4
2023-06-01,2023,6,June,Casanare,15.0,12.5,21.4
2023-07-01,2023,7,July,Casanare,15.0,12.5,21.4
2023-08-01,2023,8,August,Casanare,15.0,12.5,21.4
2023-09-01,2023,9,September,Casanare,15.0,12.5,21.4
2023-10-01,2023,10,October,Casanare,15.0,12.5,21.4
2023-11-01,2023,11,November,Casanare,15.0,12.5,21.4
2023-12-01,2023,12,December,Casanare,15.0,12.5,21.4
2024-01-01,2024,1,January,Casanare,11.3,9.1,17.1
2024-02-01,2024,2,February,Casanare,11.3,9.1,17.1
2024-03-01,2024,3,March,Casanare,11.3,9.1,17.1
2024-04-01,2024,4,April,Casanare,11.3,9.1,17.1
2024-05-01,2024,5,May,Casanare,11.3,9.1,17.1
2024-06-01,2024,6,June,Casanare,11.3,9.1,17.1
2024-07-01,2024,7,July,Casanare,11.3,9.1,17.1
2024-08-01,2024,8,August,Casanare,11.3,9.1,17.1
2024-09-01,2024,9,September,Casanare,11.3,9.1,17.1
2024-10-01,2024,10,October,Casanare,11.3,9.1,17.1
2024-11-01,2024,11,November,Casanare,11.3,9.1,17.1
2024-12-01,2024,12,December,Casanare,11.3,9.1,17.1
2022-01-01,2022,1,January,Cauca,18.3,8.8,23.6
2022-02-01,2022,2,February,Cauca,18.3,8.8,23.6
2022-03-01,2022,3,March,Cauca,18.3,8.8,23.6
2022-04-01,2022,4,April,Cauca,18.3,8.8,23.6
2022-05-01,2022,5,May,Cauca,18.3,8.8,23.6
2022-06-01,2022,6,June,Cauca,18.3,8.8,23.6
2022-07-01,2022,7,July,Cauca,18.3,8.8,23.6
2022-08-01,2022,8,August,Cauca,18.3,8.8,23.6
2022-09-01,2022,9,September,Cauca,18.3,8.8,23.6
2022-10-01,2022,10,October,Cauca,18.3,8.8,23.6
2022-11-01,2022,11,November,Cauca,18.3,8.8,23.6
2022-12-01,2022,12,December,Cauca,18.3,8.8,23.6
2023-01-01,2023,1,January,Cauca,15.8,6.8,20.9
2023-02-01,2023,2,February,Cauca,15.8,6.8,20.9
2023-03-01,2023,3,March,Cauca,15.8,6.8,20.9
2023-04-01,2023,4,April,Cauca,15.8,6.8,20.9
2023-05-01,2023,5,May,Cauca,15.8,6.8,20.9
2023-06-01,2023,6,June,Cauca,15.8,6.8,20.9
2023-07-01,2023,7,July,Cauca,15.8,6.8,20.9
2023-08-01,2023,8,August,Cauca,15.8,6.8,20.9
2023-09-01,2023,9,September,Cauca,15.8,6.8,20.9
2023-10-01,2023,10,October,Cauca,15.8,6.8,20.9
2023-11-01,2023,11,November,Cauca,15.8,6.8,20.9
2023-12-01,2023,12,December,Cauca,15.8,6.8,20.9
2024-01-01,2024,1,January,Cauca,14.0,7.5,17.6
2024-02-01,2024,2,February,Cauca,14.0,7.5,17.6
2024-03-01,2024,3,March,Cauca,14.0,7.5,17.6
2024-04-01,2024,4,April,Cauca,14.0,7.5,17.6
2024-05-01,2024,5,May,Cauca,14.0,7.5,17.6
2024-06-01,2024,6,June,Cauca,14.0,7.5,17.6
2024-07-01,2024,7,July,Cauca,14.0,7.5,17.6
2024-08-01,2024,8,August,Cauca,14.0,7.5,17.6
2024-09-01,2024,9,September,Cauca,14.0,7.5,17.6
2024-10-01,2024,10,October,Cauca,14.0,7.5,17.6
2024-11-01,2024,11,November,Cauca,14.0,7.5,17.6
2024-12-01,2024,12,December,Cauca,14.0,7.5,17.6
2022-01-01,2022,1,January,Cesar,19.1,14.2,34.1
2022-02-01,2022,2,February,Cesar,19.1,14.2,34.1
2022-03-01,2022,3,March,Cesar,19.1,14.2,34.1
2022-04-01,2022,4,April,Cesar,19.1,14.2,34.1
2022-05-01,2022,5,May,Cesar,19.1,14.2,34.1
2022-06-01,2022,6,June,Cesar,19.1,14.2,34.1
2022-07-01,2022,7,July,Cesar,19.1,14.2,34.1
2022-08-01,2022,8,August,Cesar,19.1,14.2,34.1
2022-09-01,2022,9,September,Cesar,19.1,14.2,34.1
2022-10-01,2022,10,October,Cesar,19.1,14.2,34.1
2022-11-01,2022,11,November,Cesar,19.1,14.2,34.1
2022-12-01,2022,12,December,Cesar,19.1,14.2,34.1
2023-01-01,2023,1,January,Cesar,17.7,13.2,30.9
2023-02-01,2023,2,February,Cesar,17.7,13.2,30.9
2023-03-01,2023,3,March,Cesar,17.7,13.2,30.9
2023-04-01,2023,4,April,Cesar,17.7,13.2,30.9
2023-05-01,2023,5,May,Cesar,17.7,13.2,30.9
2023-06-01,2023,6,June,Cesar,17.7,13.2,30.9
2023-07-01,2023,7,July,Cesar,17.7,13.2,30.9
2023-08-01,2023,8,August,Cesar,17.7,13.2,30.9
2023-09-01,2023,9,September,Cesar,17.7,13.2,30.9
2023-10-01,2023,10,October,Cesar,17.7,13.2,30.9
2023-11-01,2023,11,November,Cesar,17.7,13.2,30.9
2023-12-01,2023,12,December,Cesar,17.7,13.2,30.9
2024-01-01,2024,1,January,Cesar,13.4,10.7,21.3
2024-02-01,2024,2,February,Cesar,13.4,10.7,21.3
2024-03-01,2024,3,March,Cesar,13.4,10.7,21.3
2024-04-01,2024,4,April,Cesar,13.4,10.7,21.3
2024-05-01,2024,5,May,Cesar,13.4,10.7,21.3
2024-06-01,2024,6,June,Cesar,13.4,10.7,21.3
2024-07-01,2024,7,July,Cesar,13.4,10.7,21.3
2024-08-01,2024,8,August,Cesar,13.4,10.7,21.3
2024-09-01,2024,9,September,Cesar,13.4,10.7,21.3
2024-10-01,2024,10,October,Cesar,13.4,10.7,21.3
2024-11-01,2024,11,November,Cesar,13.4,10.7,21.3
2024-12-01,2024,12,December,Cesar,13.4,10.7,21.3
2022-01-01,2022,1,January,Chocó,36.8,25.2,45.8
2022-02-01,2022,2,February,Chocó,36.8,25.2,45.8
2022-03-01,2022,3,March,Chocó,36.8,25.2,45.8
2022-04-01,2022,4,April,Chocó,36.8,25.2,45.8
2022-05-01,2022,5,May,Chocó,36.8,25.2,45.8
2022-06-01,2022,6,June,Chocó,36.8,25.2,45.8
2022-07-01,2022,7,July,Chocó,36.8,25.2,45.8
2022-08-01,2022,8,August,Chocó,36.8,25.2,45.8
2022-09-01,2022,9,September,Chocó,36.8,25.2,45.8
2022-10-01,2022,10,October,Chocó,36.8,25.2,45.8
2022-11-01,2022,11,November,Chocó,36.8,25.2,45.8
2022-12-01,2022,12,December,Chocó,36.8,25.2,45.8
2023-01-01,2023,1,January,Chocó,37.4,25.5,46.4
2023-02-01,2023,2,February,Chocó,37.4,25.5,46.4
2023-03-01,2023,3,March,Chocó,37.4,25.5,46.4
2023-04-01,2023,4,April,Chocó,37.4,25.5,46.4
2023-05-01,2023,5,May,Chocó,37.4,25.5,46.4
2023-06-01,2023,6,June,Chocó,37.4,25.5,46.4
2023-07-01,2023,7,July,Chocó,37.4,25.5,46.4
2023-08-01,2023,8,August,Chocó,37.4,25.5,46.4
2023-09-01,2023,9,September,Chocó,37.4,25.5,46.4
2023-10-01,2023,10,October,Chocó,37.4,25.5,46.4
2023-11-01,2023,11,November,Chocó,37.4,25.5,46.4
2023-12-01,2023,12,December,Chocó,37.4,25.5,46.4
2024-01-01,2024,1,January,Chocó,33.9,18.8,45.2
2024-02-01,2024,2,February,Chocó,33.9,18.8,45.2
2024-03-01,2024,3,March,Chocó,33.9,18.8,45.2
2024-04-01,2024,4,April,Chocó,33.9,18.8,45.2
2024-05-01,2024,5,May,Chocó,33.9,18.8,45.2
2024-06-01,2024,6,June,Chocó,33.9,18.8,45.2
2024-07-01,2024,7,July,Chocó,33.9,18.8,45.2
2024-08-01,2024,8,August,Chocó,33.9,18.8,45.2
2024-09-01,2024,9,September,Chocó,33.9,18.8,45.2
2024-10-01,2024,10,October,Chocó,33.9,18.8,45.2
2024-11-01,2024,11,November,Chocó,33.9,18.8,45.2
2024-12-01,2024,12,December,Chocó,33.9,18.8,45.2
2022-01-01,2022,1,January,Cundinamarca,7.3,6.3,10.4
2022-02-01,2022,2,February,Cundinamarca,7.3,6.3,10.4
2022-03-01,2022,3,March,Cundinamarca,7.3,6.3,10.4
2022-04-01,2022,4,April,Cundinamarca,7.3,6.3,10.4
2022-05-01,2022,5,May,Cundinamarca,7.3,6.3,10.4
2022-06-01,2022,6,June,Cundinamarca,7.3,6.3,10.4
2022-07-01,2022,7,July,Cundinamarca,7.3,6.3,10.4
2022-08-01,2022,8,August,Cundinamarca,7.3,6.3,10.4
2022-09-01,2022,9,September,Cundinamarca,7.3,6.3,10.4
2022-10-01,2022,10,October,Cundinamarca,7.3,6.3,10.4
2022-11-01,2022,11,November,Cundinamarca,7.3,6.3,10.4
2022-12-01,2022,12,December,Cundinamarca,7.3,6.3,10.4
2023-01-01,2023,1,January,Cundinamarca,7.6,7.8,7.1
2023-02-01,2023,2,February,Cundinamarca,7.6,7.8,7.1
2023-03-01,2023,3,March,Cundinamarca,7.6,7.8,7.1
2023-04-01,2023,4,April,Cundinamarca,7.6,7.8,7.1
2023-05-01,2023,5,May,Cundinamarca,7.6,7.8,7.1
2023-06-01,2023,6,June,Cundinamarca,7.6,7.8,7.1
2023-07-01,2023,7,July,Cundinamarca,7.6,7.8,7.1
2023-08-01,2023,8,August,Cundinamarca,7.6,7.8,7.1
2023-09-01,2023,9,September,Cundinamarca,7.6,7.8,7.1
2023-10-01,2023,10,October,Cundinamarca,7.6,7.8,7.1
2023-11-01,2023,11,November,Cundinamarca,7.6,7.8,7.1
2023-12-01,2023,12,December,Cundinamarca,7.6,7.8,7.1
2024-01-01,2024,1,January,Cundinamarca,7.4,6.8,9.4
2024-02-01,2024,2,February,Cundinamarca,7.4,6.8,9.4
2024-03-01,2024,3,March,Cundinamarca,7.4,6.8,9.4
2024-04-01,2024,4,April,Cundinamarca,7.4,6.8,9.4
2024-05-01,2024,5,May,Cundinamarca,7.4,6.8,9.4
2024-06-01,2024,6,June,Cundinamarca,7.4,6.8,9.4
2024-07-01,2024,7,July,Cundinamarca,7.4,6.8,9.4
2024-08-01,2024,8,August,Cundinamarca,7.4,6.8,9.4
2024-09-01,2024,9,September,Cundinamarca,7.4,6.8,9.4
2024-10-01,2024,10,October,Cundinamarca,7.4,6.8,9.4
2024-11-01,2024,11,November,Cundinamarca,7.4,6.8,9.4
2024-12-01,2024,12,December,Cundinamarca,7.4,6.8,9.4
2022-01-01,2022,1,January,Córdoba,26.9,16.5,38.0
2022-02-01,2022,2,February,Córdoba,26.9,16.5,38.0
2022-03-01,2022,3,March,Córdoba,26.9,16.5,38.0
2022-04-01,2022,4,April,Córdoba,26.9,16.5,38.0
2022-05-01,2022,5,May,Córdoba,26.9,16.5,38.0
2022-06-01,2022,6,June,Córdoba,26.9,16.5,38.0
2022-07-01,2022,7,July,Córdoba,26.9,16.5,38.0
2022-08-01,2022,8,August,Córdoba,26.9,16.5,38.0
2022-09-01,2022,9,September,Córdoba,26.9,16.5,38.0
2022-10-01,2022,10,October,Córdoba,26.9,16.5,38.0
2022-11-01,2022,11,November,Córdoba,26.9,16.5,38.0
2022-12-01,2022,12,December,Córdoba,26.9,16.5,38.0
2023-01-01,2023,1,January,Córdoba,21.4,12.6,30.6
2023-02-01,2023,2,February,Córdoba,21.4,12.6,30.6
2023-03-01,2023,3,March,Córdoba,21.4,12.6,30.6
2023-04-01,2023,4,April,Córdoba,21.4,12.6,30.6
2023-05-01,2023,5,May,Córdoba,21.4,12.6,30.6
2023-06-01,2023,6,June,Córdoba,21.4,12.6,30.6
2023-07-01,2023,7,July,Córdoba,21.4,12.6,30.6
2023-08-01,2023,8,August,Córdoba,21.4,12.6,30.6
2023-09-01,2023,9,September,Córdoba,21.4,12.6,30.6
2023-10-01,2023,10,October,Córdoba,21.4,12.6,30.6
2023-11-01,2023,11,November,Córdoba,21.4,12.6,30.6
2023-12-01,2023,12,December,Córdoba,21.4,12.6,30.6
2024-01-01,2024,1,January,Córdoba,25.7,13.0,38.9
2024-02-01,2024,2,February,Córdoba,25.7,13.0,38.9
2024-03-01,2024,3,March,Córdoba,25.7,13.0,38.9
2024-04-01,2024,4,April,Córdoba,25.7,13.0,38.9
2024-05-01,2024,5,May,Córdoba,25.7,13.0,38.9
2024-06-01,2024,6,June,Córdoba,25.7,13.0,38.9
2024-07-01,2024,7,July,Córdoba,25.7,13.0,38.9
2024-08-01,2024,8,August,Córdoba,25.7,13.0,38.9
2024-09-01,2024,9,September,Córdoba,25.7,13.0,38.9
2024-10-01,2024,10,October,Córdoba,25.7,13.0,38.9
2024-11-01,2024,11,November,Córdoba,25.7,13.0,38.9
2024-12-01,2024,12,December,Córdoba,25.7,13.0,38.9
2022-01-01,2022,1,January,Guainía,46.5,39.9,52.2
2022-02-01,2022,2,February,Guainía,46.5,39.9,52.2
2022-03-01,2022,3,March,Guainía,46.5,39.9,52.2
2022-04-01,2022,4,April,Guainía,46.5,39.9,52.2
2022-05-01,2022,5,May,Guainía,46.5,39.9,52.2
2022-06-01,2022,6,June,Guainía,46.5,39.9,52.2
2022-07-01,2022,7,July,Guainía,46.5,39.9,52.2
2022-08-01,2022,8,August,Guainía,46.5,39.9,52.2
2022-09-01,2022,9,September,Guainía,46.5,39.9,52.2
2022-10-01,2022,10,October,Guainía,46.5,39.9,52.2
2022-11-01,2022,11,November,Guainía,46.5,39.9,52.2
2022-12-01,2022,12,December,Guainía,46.5,39.9,52.2
2023-01-01,2023,1,January,Guainía,52.1,46.4,57.0
2023-02-01,2023,2,February,Guainía,52.1,46.4,57.0
2023-03-01,2023,3,March,Guainía,52.1,46.4,57.0
2023-04-01,2023,4,April,Guainía,52.1,46.4,57.0
2023-05-01,2023,5,May,Guainía,52.1,46.4,57.0
2023-06-01,2023,6,June,Guainía,52.1,46.4,57.0
2023-07-01,2023,7,July,Guainía,52.1,46.4,57.0
2023-08-01,2023,8,August,Guainía,52.1,46.4,57.0
2023-09-01,2023,9,September,Guainía,52.1,46.4,57.0
2023-10-01,2023,10,October,Guainía,52.1,46.4,57.0
2023-11-01,2023,11,November,Guainía,52.1,46.4,57.0
2023-12-01,2023,12,December,Guainía,52.1,46.4,57.0
2024-01-01,2024,1,January,Guainía,49.0,40.1,56.9
2024-02-01,2024,2,February,Guainía,49.0,40.1,56.9
2024-03-01,2024,3,March,Guainía,49.0,40.1,56.9
2024-04-01,2024,4,April,Guainía,49.0,40.1,56.9
2024-05-01,2024,5,May,Guainía,49.0,40.1,56.9
2024-06-01,2024,6,June,Guainía,49.0,40.1,56.9
2024-07-01,2024,7,July,Guainía,49.0,40.1,56.9
2024-08-01,2024,8,August,Guainía,49.0,40.1,56.9
2024-09-01,2024,9,September,Guainía,49.0,40.1,56.9
2024-10-01,2024,10,October,Guainía,49.0,40.1,56.9
2024-11-01,2024,11,November,Guainía,49.0,40.1,56.9
2024-12-01,2024,12,December,Guainía,49.0,40.1,56.9
2022-01-01,2022,1,January,Guaviare,26.9,21.7,33.7
2022-02-01,2022,2,February,Guaviare,26.9,21.7,33.7
2022-03-01,2022,3,March,Guaviare,26.9,21.7,33.7
2022-04-01,2022,4,April,Guaviare,26.9,21.7,33.7
2022-05-01,2022,5,May,Guaviare,26.9,21.7,33.7
2022-06-01,2022,6,June,Guaviare,26.9,21.7,33.7
2022-07-01,2022,7,July,Guaviare,26.9,21.7,33.7
2022-08-01,2022,8,August,Guaviare,26.9,21.7,33.7
2022-09-01,2022,9,September,Guaviare,26.9,21.7,33.7
2022-10-01,2022,10,October,Guaviare,26.9,21.7,33.7
2022-11-01,2022,11,November,Guaviare,26.9,21.7,33.7
2022-12-01,2022,12,December,Guaviare,26.9,21.7,33.7
2023-01-01,2023,1,January,Guaviare,30.6,18.5,46.5
2023-02-01,2023,2,February,Guaviare,30.6,18.5,46.5
2023-03-01,2023,3,March,Guaviare,30.6,18.5,46.5
2023-04-01,2023,4,April,Guaviare,30.6,18.5,46.5
2023-05-01,2023,5,May,Guaviare,30.6,18.5,46.5
2023-06-01,2023,6,June,Guaviare,30.6,18.5,46.5
2023-07-01,2023,7,July,Guaviare,30.6,18.5,46.5
2023-08-01,2023,8,August,Guaviare,30.6,18.5,46.5
2023-09-01,2023,9,September,Guaviare,30.6,18.5,46.5
2023-10-01,2023,10,October,Guaviare,30.6,18.5,46.5
2023-11-01,2023,11,November,Guaviare,30.6,18.5,46.5
2023-12-01,2023,12,December,Guaviare,30.6,18.5,46.5
2024-01-01,2024,1,January,Guaviare,21.3,17.5,26.3
2024-02-01,2024,2,February,Guaviare,21.3,17.5,26.3
2024-03-01,2024,3,March,Guaviare,21.3,17.5,26.3
2024-04-01,2024,4,April,Guaviare,21.3,17.5,26.3
2024-05-01,2024,5,May,Guaviare,21.3,17.5,26.3
2024-06-01,2024,6,June,Guaviare,21.3,17.5,26.3
2024-07-01,2024,7,July,Guaviare,21.3,17.5,26.3
2024-08-01,2024,8,August,Guaviare,21.3,17.5,26.3
2024-09-01,2024,9,September,Guaviare,21.3,17.5,26.3
2024-10-01,2024,10,October,Guaviare,21.3,17.5,26.3
2024-11-01,2024,11,November,Guaviare,21.3,17.5,26.3
2024-12-01,2024,12,December,Guaviare,21.3,17.5,26.3
2022-01-01,2022,1,January,Huila,13.3,9.0,19.7
2022-02-01,2022,2,February,Huila,13.3,9.0,19.7
2022-03-01,2022,3,March,Huila,13.3,9.0,19.7
2022-04-01,2022,4,April,Huila,13.3,9.0,19.7
2022-05-01,2022,5,May,Huila,13.3,9.0,19.7
2022-06-01,2022,6,June,Huila,13.3,9.0,19.7
2022-07-01,2022,7,July,Huila,13.3,9.0,19.7
2022-08-01,2022,8,August,Huila,13.3,9.0,19.7
2022-09-01,2022,9,September,Huila,13.3,9.0,19.7
2022-10-01,2022,10,October,Huila,13.3,9.0,19.7
2022-11-01,2022,11,November,Huila,13.3,9.0,19.7
2022-12-01,2022,12,December,Huila,13.3,9.0,19.7
2023-01-01,2023,1,January,Huila,11.9,7.2,19.1
2023-02-01,2023,2,February,Huila,11.9,7.2,19.1
2023-03-01,2023,3,March,Huila,11.9,7.2,19.1
2023-04-01,2023,4,April,Huila,11.9,7.2,19.1
2023-05-01,2023,5,May,Huila,11.9,7.2,19.1
2023-06-01,2023,6,June,Huila,11.9,7.2,19.1
2023-07-01,2023,7,July,Huila,11.9,7.2,19.1
2023-08-01,2023,8,August,Huila,11.9,7.2,19.1
2023-09-01,2023,9,September,Huila,11.9,7.2,19.1
2023-10-01,2023,10,October,Huila,11.9,7.2,19.1
2023-11-01,2023,11,November,Huila,11.9,7.2,19.1
2023-12-01,2023,12,December,Huila,11.9,7.2,19.1
2024-01-01,2024,1,January,Huila,10.9,7.6,15.8
2024-02-01,2024,2,February,Huila,10.9,7.6,15.8
2024-03-01,2024,3,March,Huila,10.9,7.6,15.8
2024-04-01,2024,4,April,Huila,10.9,7.6,15.8
2024-05-01,2024,5,May,Huila,10.9,7.6,15.8
2024-06-01,2024,6,June,Huila,10.9,7.6,15.8
2024-07-01,2024,7,July,Huila,10.9,7.6,15.8
2024-08-01,2024,8,August,Huila,10.9,7.6,15.8
2024-09-01,2024,9,September,Huila,10.9,7.6,15.8
2024-10-01,2024,10,October,Huila,10.9,7.6,15.8
2024-11-01,2024,11,November,Huila,10.9,7.6,15.8
2024-12-01,2024,12,December,Huila,10.9,7.6,15.8
2022-01-01,2022,1,January,La Guajira,42.9,20.7,65.0
2022-02-01,2022,2,February,La Guajira,42.9,20.7,65.0
2022-03-01,2022,3,March,La Guajira,42.9,20.7,65.0
2022-04-01,2022,4,April,La Guajira,42.9,20.7,65.0
2022-05-01,2022,5,May,La Guajira,42.9,20.7,65.0
2022-06-01,2022,6,June,La Guajira,42.9,20.7,65.0
2022-07-01,2022,7,July,La Guajira,42.9,20.7,65.0
2022-08-01,2022,8,August,La Guajira,42.9,20.7,65.0
2022-09-01,2022,9,September,La Guajira,42.9,20.7,65.0
2022-10-01,2022,10,October,La Guajira,42.9,20.7,65.0
2022-11-01,2022,11,November,La Guajira,42.9,20.7,65.0
2022-12-01,2022,12,December,La Guajira,42.9,20.7,65.0
2023-01-01,2023,1,January,La Guajira,42.6,23.6,61.7
2023-02-01,2023,2,February,La Guajira,42.6,23.6,61.7
2023-03-01,2023,3,March,La Guajira,42.6,23.6,61.7
2023-04-01,2023,4,April,La Guajira,42.6,23.6,61.7
2023-05-01,2023,5,May,La Guajira,42.6,23.6,61.7
2023-06-01,2023,6,June,La Guajira,42.6,23.6,61.7
2023-07-01,2023,7,July,La Guajira,42.6,23.6,61.7
2023-08-01,2023,8,August,La Guajira,42.6,23.6,61.7
2023-09-01,2023,9,September,La Guajira,42.6,23.6,61.7
2023-10-01,2023,10,October,La Guajira,42.6,23.6,61.7
2023-11-01,2023,11,November,La Guajira,42.6,23.6,61.7
2023-12-01,2023,12,December,La Guajira,42.6,23.6,61.7
2024-01-01,2024,1,January,La Guajira,39.3,17.4,61.3
2024-02-01,2024,2,February,La Guajira,39.3,17.4,61.3
2024-03-01,2024,3,March,La Guajira,39.3,17.4,61.3
2024-04-01,2024,4,April,La Guajira,39.3,17.4,61.3
2024-05-01,2024,5,May,La Guajira,39.3,17.4,61.3
2024-06-01,2024,6,June,La Guajira,39.3,17.4,61.3
2024-07-01,2024,7,July,La Guajira,39.3,17.4,61.3
2024-08-01,2024,8,August,La Guajira,39.3,17.4,61.3
2024-09-01,2024,9,September,La Guajira,39.3,17.4,61.3
2024-10-01,2024,10,October,La Guajira,39.3,17.4,61.3
2024-11-01,2024,11,November,La Guajira,39.3,17.4,61.3
2024-12-01,2024,12,December,La Guajira,39.3,17.4,61.3
2022-01-01,2022,1,January,Magdalena,23.0,17.5,34.9
2022-02-01,2022,2,February,Magdalena,23.0,17.5,34.9
2022-03-01,2022,3,March,Magdalena,23.0,17.5,34.9
2022-04-01,2022,4,April,Magdalena,23.0,17.5,34.9
2022-05-01,2022,5,May,Magdalena,23.0,17.5,34.9
2022-06-01,2022,6,June,Magdalena,23.0,17.5,34.9
2022-07-01,2022,7,July,Magdalena,23.0,17.5,34.9
2022-08-01,2022,8,August,Magdalena,23.0,17.5,34.9
2022-09-01,2022,9,September,Magdalena,23.0,17.5,34.9
2022-10-01,2022,10,October,Magdalena,23.0,17.5,34.9
2022-11-01,2022,11,November,Magdalena,23.0,17.5,34.9
2022-12-01,2022,12,December,Magdalena,23.0,17.5,34.9
2023-01-01,2023,1,January,Magdalena,21.4,15.9,33.0
2023-02-01,2023,2,February,Magdalena,21.4,15.9,33.0
2023-03-01,2023,3,March,Magdalena,21.4,15.9,33.0
2023-04-01,2023,4,April,Magdalena,21.4,15.9,33.0
2023-05-01,2023,5,May,Magdalena,21.4,15.9,33.0
2023-06-01,2023,6,June,Magdalena,21.4,15.9,33.0
2023-07-01,2023,7,July,Magdalena,21.4,15.9,33.0
2023-08-01,2023,8,August,Magdalena,21.4,15.9,33.0
2023-09-01,2023,9,September,Magdalena,21.4,15.9,33.0
2023-10-01,2023,10,October,Magdalena,21.4,15.9,33.0
2023-11-01,2023,11,November,Magdalena,21.4,15.9,33.0
2023-12-01,2023,12,December,Magdalena,21.4,15.9,33.0
2024-01-01,2024,1,January,Magdalena,19.2,15.0,28.1
2024-02-01,2024,2,February,Magdalena,19.2,15.0,28.1
2024-03-01,2024,3,March,Magdalena,19.2,15.0,28.1
2024-04-01,2024,4,April,Magdalena,19.2,15.0,28.1
2024-05-01,2024,5,May,Magdalena,19.2,15.0,28.1
2024-06-01,2024,6,June,Magdalena,19.2,15.0,28.1
2024-07-01,2024,7,July,Magdalena,19.2,15.0,28.1
2024-08-01,2024,8,August,Magdalena,19.2,15.0,28.1
2024-09-01,2024,9,September,Magdalena,19.2,15.0,28.1
2024-10-01,2024,10,October,Magdalena,19.2,15.0,28.1
2024-11-01,2024,11,November,Magdalena,19.2,15.0,28.1
2024-12-01,2024,12,December,Magdalena,19.2,15.0,28.1
2022-01-01,2022,1,January,Meta,11.3,8.5,20.3
2022-02-01,2022,2,February,Meta,11.3,8.5,20.3
2022-03-01,2022,3,March,Meta,11.3,8.5,20.3
2022-04-01,2022,4,April,Meta,11.3,8.5,20.3
2022-05-01,2022,5,May,Meta,11.3,8.5,20.3
2022-06-01,2022,6,June,Meta,11.3,8.5,20.3
2022-07-01,2022,7,July,Meta,11.3,8.5,20.3
2022-08-01,2022,8,August,Meta,11.3,8.5,20.3
2022-09-01,2022,9,September,Meta,11.3,8.5,20.3
2022-10-01,2022,10,October,Meta,11.3,8.5,20.3
2022-11-01,2022,11,November,Meta,11.3,8.5,20.3
2022-12-01,2022,12,December,Meta,11.3,8.5,20.3
2023-01-01,2023,1,January,Meta,12.9,10.6,20.2
2023-02-01,2023,2,February,Meta,12.9,10.6,20.2
2023-03-01,2023,3,March,Meta,12.9,10.6,20.2
2023-04-01,2023,4,April,Meta,12.9,10.6,20.2
2023-05-01,2023,5,May,Meta,12.9,10.6,20.2
2023-06-01,2023,6,June,Meta,12.9,10.6,20.2
2023-07-01,2023,7,July,Meta,12.9,10.6,20.2
2023-08-01,2023,8,August,Meta,12.9,10.6,20.2
2023-09-01,2023,9,September,Meta,12.9,10.6,20.2
2023-10-01,2023,10,October,Meta,12.9,10.6,20.2
2023-11-01,2023,11,November,Meta,12.9,10.6,20.2
2023-12-01,2023,12,December,Meta,12.9,10.6,20.2
2024-01-01,2024,1,January,Meta,10.4,8.0,18.2
2024-02-01,2024,2,February,Meta,10.4,8.0,18.2
2024-03-01,2024,3,March,Meta,10.4,8.0,18.2
2024-04-01,2024,4,April,Meta,10.4,8.0,18.2
2024-05-01,2024,5,May,Meta,10.4,8.0,18.2
2024-06-01,2024,6,June,Meta,10.4,8.0,18.2
2024-07-01,2024,7,July,Meta,10.4,8.0,18.2
2024-08-01,2024,8,August,Meta,10.4,8.0,18.2
2024-09-01,2024,9,September,Meta,10.4,8.0,18.2
2024-10-01,2024,10,October,Meta,10.4,8.0,18.2
2024-11-01,2024,11,November,Meta,10.4,8.0,18.2
2024-12-01,2024,12,December,Meta,10.4,8.0,18.2
2022-01-01,2022,1,January,Nariño,17.6,12.7,21.4
2022-02-01,2022,2,February,Nariño,17.6,12.7,21.4
2022-03-01,2022,3,March,Nariño,17.6,12.7,21.4
2022-04-01,2022,4,April,Nariño,17.6,12.7,21.4
2022-05-01,2022,5,May,Nariño,17.6,12.7,21.4
2022-06-01,2022,6,June,Nariño,17.6,12.7,21.4
2022-07-01,2022,7,July,Nariño,17.6,12.7,21.4
2022-08-01,2022,8,August,Nariño,17.6,12.7,21.4
2022-09-01,2022,9,September,Nariño,17.6,12.7,21.4
2022-10-01,2022,10,October,Nariño,17.6,12.7,21.4
2022-11-01,2022,11,November,Nariño,17.6,12.7,21.4
2022-12-01,2022,12,December,Nariño,17.6,12.7,21.4
2023-01-01,2023,1,January,Nariño,16.6,11.6,20.5
2023-02-01,2023,2,February,Nariño,16.6,11.6,20.5
2023-03-01,2023,3,March,Nariño,16.6,11.6,20.5
2023-04-01,2023,4,April,Nariño,16.6,11.6,20.5
2023-05-01,2023,5,May,Nariño,16.6,11.6,20.5
2023-06-01,2023,6,June,Nariño,16.6,11.6,20.5
2023-07-01,2023,7,July,Nariño,16.6,11.6,20.5
2023-08-01,2023,8,August,Nariño,16.6,11.6,20.5
2023-09-01,2023,9,September,Nariño,16.6,11.6,20.5
2023-10-01,2023,10,October,Nariño,16.6,11.6,20.5
2023-11-01,2023,11,November,Nariño,16.6,11.6,20.5
2023-12-01,2023,12,December,Nariño,16.6,11.6,20.5
2024-01-01,2024,1,January,Nariño,18.1,10.0,24.5
2024-02-01,2024,2,February,Nariño,18.1,10.0,24.5
2024-03-01,2024,3,March,Nariño,18.1,10.0,24.5
2024-04-01,2024,4,April,Nariño,18.1,10.0,24.5
2024-05-01,2024,5,May,Nariño,18.1,10.0,24.5
2024-06-01,2024,6,June,Nariño,18.1,10.0,24.5
2024-07-01,2024,7,July,Nariño,18.1,10.0,24.5
2024-08-01,2024,8,August,Nariño,18.1,10.0,24.5
2024-09-01,2024,9,September,Nariño,18.1,10.0,24.5
2024-10-01,2024,10,October,Nariño,18.1,10.0,24.5
2024-11-01,2024,11,November,Nariño,18.1,10.0,24.5
2024-12-01,2024,12,December,Nariño,18.1,10.0,24.5
2022-01-01,2022,1,January,Norte de Santander,18.5,13.0,39.8
2022-02-01,2022,2,February,Norte de Santander,18.5,13.0,39.8
2022-03-01,2022,3,March,Norte de Santander,18.5,13.0,39.8
2022-04-01,2022,4,April,Norte de Santander,18.5,13.0,39.8
2022-05-01,2022,5,May,Norte de Santander,18.5,13.0,39.8
2022-06-01,2022,6,June,Norte de Santander,18.5,13.0,39.8
2022-07-01,2022,7,July,Norte de Santander,18.5,13.0,39.8
2022-08-01,2022,8,August,Norte de Santander,18.5,13.0,39.8
2022-09-01,2022,9,September,Norte de Santander,18.5,13.0,39.8
2022-10-01,2022,10,October,Norte de Santander,18.5,13.0,39.8
2022-11-01,2022,11,November,Norte de Santander,18.5,13.0,39.8
2022-12-01,2022,12,December,Norte de Santander,18.5,13.0,39.8
2023-01-01,2023,1,January,Norte de Santander,20.5,16.4,36.2
2023-02-01,2023,2,February,Norte de Santander,20.5,16.4,36.2
2023-03-01,2023,3,March,Norte de Santander,20.5,16.4,36.2
2023-04-01,2023,4,April,Norte de Santander,20.5,16.4,36.2
2023-05-01,2023,5,May,Norte de Santander,20.5,16.4,36.2
2023-06-01,2023,6,June,Norte de Santander,20.5,16.4,36.2
2023-07-01,2023,7,July,Norte de Santander,20.5,16.4,36.2
2023-08-01,2023,8,August,Norte de Santander,20.5,16.4,36.2
2023-09-01,2023,9,September,Norte de Santander,20.5,16.4,36.2
2023-10-01,2023,10,October,Norte de Santander,20.5,16.4,36.2
2023-11-01,2023,11,November,Norte de Santander,20.5,16.4,36.2
2023-12-01,2023,12,December,Norte de Santander,20.5,16.4,36.2
2024-01-01,2024,1,January,Norte de Santander,15.2,8.5,41.1
2024-02-01,2024,2,February,Norte de Santander,15.2,8.5,41.1
2024-03-01,2024,3,March,Norte de Santander,15.2,8.5,41.1
2024-04-01,2024,4,April,Norte de Santander,15.2,8.5,41.1
2024-05-01,2024,5,May,Norte de Santander,15.2,8.5,41.1
2024-06-01,2024,6,June,Norte de Santander,15.2,8.5,41.1
2024-07-01,2024,7,July,Norte de Santander,15.2,8.5,41.1
2024-08-01,2024,8,August,Norte de Santander,15.2,8.5,41.1
2024-09-01,2024,9,September,Norte de Santander,15.2,8.5,41.1
2024-10-01,2024,10,October,Norte de Santander,15.2,8.5,41.1
2024-11-01,2024,11,November,Norte de Santander,15.2,8.5,41.1
2024-12-01,2024,12,December,Norte de Santander,15.2,8.5,41.1
2022-01-01,2022,1,January,Putumayo,20.8,14.7,27.2
2022-02-01,2022,2,February,Putumayo,20.8,14.7,27.2
2022-03-01,2022,3,March,Putumayo,20.8,14.7,27.2
2022-04-01,2022,4,April,Putumayo,20.8,14.7,27.2
2022-05-01,2022,5,May,Putumayo,20.8,14.7,27.2
2022-06-01,2022,6,June,Putumayo,20.8,14.7,27.2
2022-07-01,2022,7,July,Putumayo,20.8,14.7,27.2
2022-08-01,2022,8,August,Putumayo,20.8,14.7,27.2
2022-09-01,2022,9,September,Putumayo,20.8,14.7,27.2
2022-10-01,2022,10,October,Putumayo,20.8,14.7,27.2
2022-11-01,2022,11,November,Putumayo,20.8,14.7,27.2
2022-12-01,2022,12,December,Putumayo,20.8,14.7,27.2
2023-01-01,2023,1,January,Putumayo,13.2,10.5,16.1
2023-02-01,2023,2,February,Putumayo,13.2,10.5,16.1
2023-03-01,2023,3,March,Putumayo,13.2,10.5,16.1
2023-04-01,2023,4,April,Putumayo,13.2,10.5,16.1
2023-05-01,2023,5,May,Putumayo,13.2,10.5,16.1
2023-06-01,2023,6,June,Putumayo,13.2,10.5,16.1
2023-07-01,2023,7,July,Putumayo,13.2,10.5,16.1
2023-08-01,2023,8,August,Putumayo,13.2,10.5,16.1
2023-09-01,2023,9,September,Putumayo,13.2,10.5,16.1
2023-10-01,2023,10,October,Putumayo,13.2,10.5,16.1
2023-11-01,2023,11,November,Putumayo,13.2,10.5,16.1
2023-12-01,2023,12,December,Putumayo,13.2,10.5,16.1
2024-01-01,2024,1,January,Putumayo,11.8,8.8,15.1
2024-02-01,2024,2,February,Putumayo,11.8,8.8,15.1
2024-03-01,2024,3,March,Putumayo,11.8,8.8,15.1
2024-04-01,2024,4,April,Putumayo,11.8,8.8,15.1
2024-05-01,2024,5,May,Putumayo,11.8,8.8,15.1
2024-06-01,2024,6,June,Putumayo,11.8,8.8,15.1
2024-07-01,2024,7,July,Putumayo,11.8,8.8,15.1
2024-08-01,2024,8,August,Putumayo,11.8,8.8,15.1
2024-09-01,2024,9,September,Putumayo,11.8,8.8,15.1
2024-10-01,2024,10,October,Putumayo,11.8,8.8,15.1
2024-11-01,2024,11,November,Putumayo,11.8,8.8,15.1
2024-12-01,2024,12,December,Putumayo,11.8,8.8,15.1
2022-01-01,2022,1,January,Quindío,10.0,9.3,15.3
2022-02-01,2022,2,February,Quindío,10.0,9.3,15.3
2022-03-01,2022,3,March,Quindío,10.0,9.3,15.3
2022-04-01,2022,4,April,Quindío,10.0,9.3,15.3
2022-05-01,2022,5,May,Quindío,10.0,9.3,15.3
2022-06-01,2022,6,June,Quindío,10.0,9.3,15.3
2022-07-01,2022,7,July,Quindío,10.0,9.3,15.3
2022-08-01,2022,8,August,Quindío,10.0,9.3,15.3
2022-09-01,2022,9,September,Quindío,10.0,9.3,15.3
2022-10-01,2022,10,October,Quindío,10.0,9.3,15.3
2022-11-01,2022,11,November,Quindío,10.0,9.3,15.3
2022-12-01,2022,12,December,Quindío,10.0,9.3,15.3
2023-01-01,2023,1,January,Quindío,7.5,6.7,13.5
2023-02-01,2023,2,February,Quindío,7.5,6.7,13.5
2023-03-01,2023,3,March,Quindío,7.5,6.7,13.5
2023-04-01,2023,4,April,Quindío,7.5,6.7,13.5
2023-05-01,2023,5,May,Quindío,7.5,6.7,13.5
2023-06-01,2023,6,June,Quindío,7.5,6.7,13.5
2023-07-01,2023,7,July,Quindío,7.5,6.7,13.5
2023-08-01,2023,8,August,Quindío,7.5,6.7,13.5
2023-09-01,2023,9,September,Quindío,7.5,6.7,13.5
2023-10-01,2023,10,October,Quindío,7.5,6.7,13.5
2023-11-01,2023,11,November,Quindío,7.5,6.7,13.5
2023-12-01,2023,12,December,Quindío,7.5,6.7,13.5
2024-01-01,2024,1,January,Quindío,7.4,6.8,11.3
2024-02-01,2024,2,February,Quindío,7.4,6.8,11.3
2024-03-01,2024,3,March,Quindío,7.4,6.8,11.3
2024-04-01,2024,4,April,Quindío,7.4,6.8,11.3
2024-05-01,2024,5,May,Quindío,7.4,6.8,11.3
2024-06-01,2024,6,June,Quindío,7.4,6.8,11.3
2024-07-01,2024,7,July,Quindío,7.4,6.8,11.3
2024-08-01,2024,8,August,Quindío,7.4,6.8,11.3
2024-09-01,2024,9,September,Quindío,7.4,6.8,11.3
2024-10-01,2024,10,October,Quindío,7.4,6.8,11.3
2024-11-01,2024,11,November,Quindío,7.4,6.8,11.3
2024-12-01,2024,12,December,Quindío,7.4,6.8,11.3
2022-01-01,2022,1,January,Risaralda,10.0,6.6,23.9
2022-02-01,2022,2,February,Risaralda,10.0,6.6,23.9
2022-03-01,2022,3,March,Risaralda,10.0,6.6,23.9
2022-04-01,2022,4,April,Risaralda,10.0,6.6,23.9
2022-05-01,2022,5,May,Risaralda,10.0,6.6,23.9
2022-06-01,2022,6,June,Risaralda,10.0,6.6,23.9
2022-07-01,2022,7,July,Risaralda,10.0,6.6,23.9
2022-08-01,2022,8,August,Risaralda,10.0,6.6,23.9
2022-09-01,2022,9,September,Risaralda,10.0,6.6,23.9
2022-10-01,2022,10,October,Risaralda,10.0,6.6,23.9
2022-11-01,2022,11,November,Risaralda,10.0,6.6,23.9
2022-12-01,2022,12,December,Risaralda,10.0,6.6,23.9
2023-01-01,2023,1,January,Risaralda,11.8,8.8,24.0
2023-02-01,2023,2,February,Risaralda,11.8,8.8,24.0
2023-03-01,2023,3,March,Risaralda,11.8,8.8,24.0
2023-04-01,2023,4,April,Risaralda,11.8,8.8,24.0
2023-05-01,2023,5,May,Risaralda,11.8,8.8,24.0
2023-06-01,2023,6,June,Risaralda,11.8,8.8,24.0
2023-07-01,2023,7,July,Risaralda,11.8,8.8,24.0
2023-08-01,2023,8,August,Risaralda,11.8,8.8,24.0
2023-09-01,2023,9,September,Risaralda,11.8,8.8,24.0
2023-10-01,2023,10,October,Risaralda,11.8,8.8,24.0
2023-11-01,2023,11,November,Risaralda,11.8,8.8,24.0
2023-12-01,2023,12,December,Risaralda,11.8,8.8,24.0
2024-01-01,2024,1,January,Risaralda,9.5,6.3,23.0
2024-02-01,2024,2,February,Risaralda,9.5,6.3,23.0
2024-03-01,2024,3,March,Risaralda,9.5,6.3,23.0
2024-04-01,2024,4,April,Risaralda,9.5,6.3,23.0
2024-05-01,2024,5,May,Risaralda,9.5,6.3,23.0
2024-06-01,2024,6,June,Risaralda,9.5,6.3,23.0
2024-07-01,2024,7,July,Risaralda,9.5,6.3,23.0
2024-08-01,2024,8,August,Risaralda,9.5,6.3,23.0
2024-09-01,2024,9,September,Risaralda,9.5,6.3,23.0
2024-10-01,2024,10,October,Risaralda,9.5,6.3,23.0
2024-11-01,2024,11,November,Risaralda,9.5,6.3,23.0
2024-12-01,2024,12,December,Risaralda,9.5,6.3,23.0
2022-01-01,2022,1,January,Santander,10.4,7.4,20.6
2022-02-01,2022,2,February,Santander,10.4,7.4,20.6
2022-03-01,2022,3,March,Santander,10.4,7.4,20.6
2022-04-01,2022,4,April,Santander,10.4,7.4,20.6
2022-05-01,2022,5,May,Santander,10.4,7.4,20.6
2022-06-01,2022,6,June,Santander,10.4,7.4,20.6
2022-07-01,2022,7,July,Santander,10.4,7.4,20.6
2022-08-01,2022,8,August,Santander,10.4,7.4,20.6
2022-09-01,2022,9,September,Santander,10.4,7.4,20.6
2022-10-01,2022,10,October,Santander,10.4,7.4,20.6
2022-11-01,2022,11,November,Santander,10.4,7.4,20.6
2022-12-01,2022,12,December,Santander,10.4,7.4,20.6
2023-01-01,2023,1,January,Santander,9.8,6.6,20.7
2023-02-01,2023,2,February,Santander,9.8,6.6,20.7
2023-03-01,2023,3,March,Santander,9.8,6.6,20.7
2023-04-01,2023,4,April,Santander,9.8,6.6,20.7
2023-05-01,2023,5,May,Santander,9.8,6.6,20.7
2023-06-01,2023,6,June,Santander,9.8,6.6,20.7
2023-07-01,2023,7,July,Santander,9.8,6.6,20.7
2023-08-01,2023,8,August,Santander,9.8,6.6,20.7
2023-09-01,2023,9,September,Santander,9.8,6.6,20.7
2023-10-01,2023,10,October,Santander,9.8,6.6,20.7
2023-11-01,2023,11,November,Santander,9.8,6.6,20.7
2023-12-01,2023,12,December,Santander,9.8,6.6,20.7
2024-01-01,2024,1,January,Santander,6.8,4.9,13.6
2024-02-01,2024,2,February,Santander,6.8,4.9,13.6
2024-03-01,2024,3,March,Santander,6.8,4.9,13.6
2024-04-01,2024,4,April,Santander,6.8,4.9,13.6
2024-05-01,2024,5,May,Santander,6.8,4.9,13.6
2024-06-01,2024,6,June,Santander,6.8,4.9,13.6
2024-07-01,2024,7,July,Santander,6.8,4.9,13.6
2024-08-01,2024,8,August,Santander,6.8,4.9,13.6
2024-09-01,2024,9,September,Santander,6.8,4.9,13.6
2024-10-01,2024,10,October,Santander,6.8,4.9,13.6
2024-11-01,2024,11,November,Santander,6.8,4.9,13.6
2024-12-01,2024,12,December,Santander,6.8,4.9,13.6
2022-01-01,2022,1,January,Sucre,26.0,19.8,36.0
2022-02-01,2022,2,February,Sucre,26.0,19.8,36.0
2022-03-01,2022,3,March,Sucre,26.0,19.8,36.0
2022-04-01,2022,4,April,Sucre,26.0,19.8,36.0
2022-05-01,2022,5,May,Sucre,26.0,19.8,36.0
2022-06-01,2022,6,June,Sucre,26.0,19.8,36.0
2022-07-01,2022,7,July,Sucre,26.0,19.8,36.0
2022-08-01,2022,8,August,Sucre,26.0,19.8,36.0
2022-09-01,2022,9,September,Sucre,26.0,19.8,36.0
2022-10-01,2022,10,October,Sucre,26.0,19.8,36.0
2022-11-01,2022,11,November,Sucre,26.0,19.8,36.0
2022-12-01,2022,12,December,Sucre,26.0,19.8,36.0
2023-01-01,2023,1,January,Sucre,23.1,15.9,34.6
2023-02-01,2023,2,February,Sucre,23.1,15.9,34.6
2023-03-01,2023,3,March,Sucre,23.1,15.9,34.6
2023-04-01,2023,4,April,Sucre,23.1,15.9,34.6
2023-05-01,2023,5,May,Sucre,23.1,15.9,34.6
2023-06-01,2023,6,June,Sucre,23.1,15.9,34.6
2023-07-01,2023,7,July,Sucre,23.1,15.9,34.6
2023-08-01,2023,8,August,Sucre,23.1,15.9,34.6
2023-09-01,2023,9,September,Sucre,23.1,15.9,34.6
2023-10-01,2023,10,October,Sucre,23.1,15.9,34.6
2023-11-01,2023,11,November,Sucre,23.1,15.9,34.6
2023-12-01,2023,12,December,Sucre,23.1,15.9,34.6
2024-01-01,2024,1,January,Sucre,21.8,12.4,36.4
2024-02-01,2024,2,February,Sucre,21.8,12.4,36.4
2024-03-01,2024,3,March,Sucre,21.8,12.4,36.4
2024-04-01,2024,4,April,Sucre,21.8,12.4,36.4
2024-05-01,2024,5,May,Sucre,21.8,12.4,36.4
2024-06-01,2024,6,June,Sucre,21.8,12.4,36.4
2024-07-01,2024,7,July,Sucre,21.8,12.4,36.4
2024-08-01,2024,8,August,Sucre,21.8,12.4,36.4
2024-09-01,2024,9,September,Sucre,21.8,12.4,36.4
2024-10-01,2024,10,October,Sucre,21.8,12.4,36.4
2024-11-01,2024,11,November,Sucre,21.8,12.4,36.4
2024-12-01,2024,12,December,Sucre,21.8,12.4,36.4
2022-01-01,2022,1,January,Tolima,10.5,5.4,22.0
2022-02-01,2022,2,February,Tolima,10.5,5.4,22.0
2022-03-01,2022,3,March,Tolima,10.5,5.4,22.0
2022-04-01,2022,4,April,Tolima,10.5,5.4,22.0
2022-05-01,2022,5,May,Tolima,10.5,5.4,22.0
2022-06-01,2022,6,June,Tolima,10.5,5.4,22.0
2022-07-01,2022,7,July,Tolima,10.5,5.4,22.0
2022-08-01,2022,8,August,Tolima,10.5,5.4,22.0
2022-09-01,2022,9,September,Tolima,10.5,5.4,22.0
2022-10-01,2022,10,October,Tolima,10.5,5.4,22.0
2022-11-01,2022,11,November,Tolima,10.5,5.4,22.0
2022-12-01,2022,12,December,Tolima,10.5,5.4,22.0
2023-01-01,2023,1,January,Tolima,12.9,8.0,23.9
2023-02-01,2023,2,February,Tolima,12.9,8.0,23.9
2023-03-01,2023,3,March,Tolima,12.9,8.0,23.9
2023-04-01,2023,4,April,Tolima,12.9,8.0,23.9
2023-05-01,2023,5,May,Tolima,12.9,8.0,23.9
2023-06-01,2023,6,June,Tolima,12.9,8.0,23.9
2023-07-01,2023,7,July,Tolima,12.9,8.0,23.9
2023-08-01,2023,8,August,Tolima,12.9,8.0,23.9
2023-09-01,2023,9,September,Tolima,12.9,8.0,23.9
2023-10-01,2023,10,October,Tolima,12.9,8.0,23.9
2023-11-01,2023,11,November,Tolima,12.9,8.0,23.9
2023-12-01,2023,12,December,Tolima,12.9,8.0,23.9
2024-01-01,2024,1,January,Tolima,12.6,7.2,24.7
2024-02-01,2024,2,February,Tolima,12.6,7.2,24.7
2024-03-01,2024,3,March,Tolima,12.6,7.2,24.7
2024-04-01,2024,4,April,Tolima,12.6,7.2,24.7
2024-05-01,2024,5,May,Tolima,12.6,7.2,24.7
2024-06-01,2024,6,June,Tolima,12.6,7.2,24.7
2024-07-01,2024,7,July,Tolima,12.6,7.2,24.7
2024-08-01,2024,8,August,Tolima,12.6,7.2,24.7
2024-09-01,2024,9,September,Tolima,12.6,7.2,24.7
2024-10-01,2024,10,October,Tolima,12.6,7.2,24.7
2024-11-01,2024,11,November,Tolima,12.6,7.2,24.7
2024-12-01,2024,12,December,Tolima,12.6,7.2,24.7
2022-01-01,2022,1,January,Valle del Cauca,9.7,8.0,19.4
2022-02-01,2022,2,February,Valle del Cauca,9.7,8.0,19.4
2022-03-01,2022,3,March,Valle del Cauca,9.7,8.0,19.4
2022-04-01,2022,4,April,Valle del Cauca,9.7,8.0,19.4
2022-05-01,2022,5,May,Valle del Cauca,9.7,8.0,19.4
2022-06-01,2022,6,June,Valle del Cauca,9.7,8.0,19.4
2022-07-01,2022,7,July,Valle del Cauca,9.7,8.0,19.4
2022-08-01,2022,8,August,Valle del Cauca,9.7,8.0,19.4
2022-09-01,2022,9,September,Valle del Cauca,9.7,8.0,19.4
2022-10-01,2022,10,October,Valle del Cauca,9.7,8.0,19.4
2022-11-01,2022,11,November,Valle del Cauca,9.7,8.0,19.4
2022-12-01,2022,12,December,Valle del Cauca,9.7,8.0,19.4
2023-01-01,2023,1,January,Valle del Cauca,7.2,5.8,15.8
2023-02-01,2023,2,February,Valle del Cauca,7.2,5.8,15.8
2023-03-01,2023,3,March,Valle del Cauca,7.2,5.8,15.8
2023-04-01,2023,4,April,Valle del Cauca,7.2,5.8,15.8
2023-05-01,2023,5,May,Valle del Cauca,7.2,5.8,15.8
2023-06-01,2023,6,June,Valle del Cauca,7.2,5.8,15.8
2023-07-01,2023,7,July,Valle del Cauca,7.2,5.8,15.8
2023-08-01,2023,8,August,Valle del Cauca,7.2,5.8,15.8
2023-09-01,2023,9,September,Valle del Cauca,7.2,5.8,15.8
2023-10-01,2023,10,October,Valle del Cauca,7.2,5.8,15.8
2023-11-01,2023,11,November,Valle del Cauca,7.2,5.8,15.8
2023-12-01,2023,12,December,Valle del Cauca,7.2,5.8,15.8
2024-01-01,2024,1,January,Valle del Cauca,6.2,4.6,15.9
2024-02-01,2024,2,February,Valle del Cauca,6.2,4.6,15.9
2024-03-01,2024,3,March,Valle del Cauca,6.2,4.6,15.9
2024-04-01,2024,4,April,Valle del Cauca,6.2,4.6,15.9
2024-05-01,2024,5,May,Valle del Cauca,6.2,4.6,15.9
2024-06-01,2024,6,June,Valle del Cauca,6.2,4.6,15.9
2024-07-01,2024,7,July,Valle del Cauca,6.2,4.6,15.9
2024-08-01,2024,8,August,Valle del Cauca,6.2,4.6,15.9
2024-09-01,2024,9,September,Valle del Cauca,6.2,4.6,15.9
2024-10-01,2024,10,October,Valle del Cauca,6.2,4.6,15.9
2024-11-01,2024,11,November,Valle del Cauca,6.2,4.6,15.9
2024-12-01,2024,12,December,Valle del Cauca,6.2,4.6,15.9
2022-01-01,2022,1,January,Vaupés,47.1,15.0,59.7
2022-02-01,2022,2,February,Vaupés,47.1,15.0,59.7
2022-03-01,2022,3,March,Vaupés,47.1,15.0,59.7
2022-04-01,2022,4,April,Vaupés,47.1,15.0,59.7
2022-05-01,2022,5,May,Vaupés,47.1,15.0,59.7
2022-06-01,2022,6,June,Vaupés,47.1,15.0,59.7
2022-07-01,2022,7,July,Vaupés,47.1,15.0,59.7
2022-08-01,2022,8,August,Vaupés,47.1,15.0,59.7
2022-09-01,2022,9,September,Vaupés,47.1,15.0,59.7
2022-10-01,2022,10,October,Vaupés,47.1,15.0,59.7
2022-11-01,2022,11,November,Vaupés,47.1,15.0,59.7
2022-12-01,2022,12,December,Vaupés,47.1,15.0,59.7
2023-01-01,2023,1,January,Vaupés,55.7,16.6,70.9
2023-02-01,2023,2,February,Vaupés,55.7,16.6,70.9
2023-03-01,2023,3,March,Vaupés,55.7,16.6,70.9
2023-04-01,2023,4,April,Vaupés,55.7,16.6,70.9
2023-05-01,2023,5,May,Vaupés,55.7,16.6,70.9
2023-06-01,2023,6,June,Vaupés,55.7,16.6,70.9
2023-07-01,2023,7,July,Vaupés,55.7,16.6,70.9
2023-08-01,2023,8,August,Vaupés,55.7,16.6,70.9
2023-09-01,2023,9,September,Vaupés,55.7,16.6,70.9
2023-10-01,2023,10,October,Vaupés,55.7,16.6,70.9
2023-11-01,2023,11,November,Vaupés,55.7,16.6,70.9
2023-12-01,2023,12,December,Vaupés,55.7,16.6,70.9
2024-01-01,2024,1,January,Vaupés,37.4,16.2,45.5
2024-02-01,2024,2,February,Vaupés,37.4,16.2,45.5
2024-03-01,2024,3,March,Vaupés,37.4,16.2,45.5
2024-04-01,2024,4,April,Vaupés,37.4,16.2,45.5
2024-05-01,2024,5,May,Vaupés,37.4,16.2,45.5
2024-06-01,2024,6,June,Vaupés,37.4,16.2,45.5
2024-07-01,2024,7,July,Vaupés,37.4,16.2,45.5
2024-08-01,2024,8,August,Vaupés,37.4,16.2,45.5
2024-09-01,2024,9,September,Vaupés,37.4,16.2,45.5
2024-10-01,2024,10,October,Vaupés,37.4,16.2,45.5
2024-11-01,2024,11,November,Vaupés,37.4,16.2,45.5
2024-12-01,2024,12,December,Vaupés,37.4,16.2,45.5
2022-01-01,2022,1,January,Vichada,75.4,36.1,87.9
2022-02-01,2022,2,February,Vichada,75.4,36.1,87.9
2022-03-01,2022,3,March,Vichada,75.4,36.1,87.9
2022-04-01,2022,4,April,Vichada,75.4,36.1,87.9
2022-05-01,2022,5,May,Vichada,75.4,36.1,87.9
2022-06-01,2022,6,June,Vichada,75.4,36.1,87.9
2022-07-01,2022,7,July,Vichada,75.4,36.1,87.9
2022-08-01,2022,8,August,Vichada,75.4,36.1,87.9
2022-09-01,2022,9,September,Vichada,75.4,36.1,87.9
2022-10-01,2022,10,October,Vichada,75.4,36.1,87.9
2022-11-01,2022,11,November,Vichada,75.4,36.1,87.9
2022-12-01,2022,12,December,Vichada,75.4,36.1,87.9
2023-01-01,2023,1,January,Vichada,65.4,33.6,75.4
2023-02-01,2023,2,February,Vichada,65.4,33.6,75.4
2023-03-01,2023,3,March,Vichada,65.4,33.6,75.4
2023-04-01,2023,4,April,Vichada,65.4,33.6,75.4
2023-05-01,2023,5,May,Vichada,65.4,33.6,75.4
2023-06-01,2023,6,June,Vichada,65.4,33.6,75.4
2023-07-01,2023,7,July,Vichada,65.4,33.6,75.4
2023-08-01,2023,8,August,Vichada,65.4,33.6,75.4
2023-09-01,2023,9,September,Vichada,65.4,33.6,75.4
2023-10-01,2023,10,October,Vichada,65.4,33.6,75.4
2023-11-01,2023,11,November,Vichada,65.4,33.6,75.4
2023-12-01,2023,12,December,Vichada,65.4,33.6,75.4
2024-01-01,2024,1,January,Vichada,70.2,30.0,82.7
2024-02-01,2024,2,February,Vichada,70.2,30.0,82.7
2024-03-01,2024,3,March,Vichada,70.2,30.0,82.7
2024-04-01,2024,4,April,Vichada,70.2,30.0,82.7
2024-05-01,2024,5,May,Vichada,70.2,30.0,82.7
2024-06-01,2024,6,June,Vichada,70.2,30.0,82.7
2024-07-01,2024,7,July,Vichada,70.2,30.0,82.7
2024-08-01,2024,8,August,Vichada,70.2,30.0,82.7
2024-09-01,2024,9,September,Vichada,70.2,30.0,82.7
2024-10-01,2024,10,October,Vichada,70.2,30.0,82.7
2024-11-01,2024,11,November,Vichada,70.2,30.0,82.7
2024-12-01,2024,12,December,Vichada,70.2,30.0,82.7
